"Street LTCMA edition 2026-10-07 - trimmed mean (drop highest and lowest) of the long-run expected returns of every firm with numbers, rows with at least 5 firms; % nominal USD, geometric. Aggregates only: no individual firm's figure is shown. Cross-check, not this site's model. Source: duiarte.github.io/ltcma/street-ltcma.html"
asset_class,in_site_ltcma,street_ltcma_pct,n_firms,dispersion_sd_bp,site_ltcma_pct,gap_bp,firms
US large cap,yes,6.3,12,114,6.0,33,AQR; Amundi; BNY Investments; BlackRock; Fidelity International; Invesco; J.P. Morgan AM; Northern Trust; Schroders; State Street; T. Rowe Price; Vanguard
US small cap,yes,6.6,10,103,6.5,10,AQR; BNY Investments; BlackRock; Invesco; J.P. Morgan AM; Northern Trust; Schroders; State Street; T. Rowe Price; Vanguard
EM equity,yes,8.1,8,192,8.0,8,BNY Investments; BlackRock; Fidelity International; Invesco; J.P. Morgan AM; Robeco; T. Rowe Price; Vanguard
Developed ex-US equity,yes,7.5,5,96,7.7,-27,BNY Investments; BlackRock; J.P. Morgan AM; T. Rowe Price; Vanguard
US cash / T-bills,yes,3.4,11,39,3.3,7,AQR; Amundi; BlackRock; Fidelity International; J.P. Morgan AM; Northern Trust; Robeco; Schroders; State Street; T. Rowe Price; Vanguard
US Treasuries (intermediate),yes,4.5,12,42,4.5,4,AQR; Amundi; BlackRock; Fidelity International; Invesco; J.P. Morgan AM; Northern Trust; Robeco; Schroders; State Street; T. Rowe Price; Vanguard
US TIPS,yes,4.4,8,61,4.5,-12,BlackRock; Invesco; J.P. Morgan AM; Northern Trust; Schroders; State Street; T. Rowe Price; Vanguard
US IG corporate,yes,5.2,10,40,5.0,17,AQR; Amundi; BlackRock; Fidelity International; Invesco; J.P. Morgan AM; Northern Trust; Schroders; T. Rowe Price; Vanguard
US high yield,yes,5.6,12,54,5.0,61,AQR; Amundi; BNY Investments; BlackRock; Fidelity International; Invesco; J.P. Morgan AM; Northern Trust; Schroders; State Street; T. Rowe Price; Vanguard
EM sovereign (USD),yes,5.7,12,55,6.0,-28,AQR; Amundi; BNY Investments; BlackRock; Fidelity International; Invesco; J.P. Morgan AM; Robeco; Schroders; State Street; T. Rowe Price; Vanguard
EM local debt,yes,5.6,8,68,4.8,80,Amundi; BNY Investments; BlackRock; Fidelity International; J.P. Morgan AM; Robeco; Schroders; T. Rowe Price
Commodities,yes,4.8,9,140,3.5,127,AQR; BNY Investments; Invesco; J.P. Morgan AM; Robeco; Schroders; State Street; T. Rowe Price; Vanguard
Global equity (ACWI),,7.2,7,100,,,BNY Investments; BlackRock; Fidelity International; Invesco; J.P. Morgan AM; Robeco; T. Rowe Price
Europe equity,,7.8,5,40,,,BNY Investments; BlackRock; Invesco; J.P. Morgan AM; T. Rowe Price
US aggregate bonds,,4.8,11,37,,,AQR; Amundi; BNY Investments; BlackRock; Invesco; J.P. Morgan AM; Northern Trust; Schroders; State Street; T. Rowe Price; Vanguard
Global govt bonds,,4.7,5,39,,,BlackRock; Fidelity International; Invesco; J.P. Morgan AM; Robeco
Private equity,,9.7,7,288,,,AQR; BNY Investments; BlackRock; Fidelity International; J.P. Morgan AM; State Street; T. Rowe Price
Private credit,,7.5,6,167,,,AQR; BlackRock; Fidelity International; J.P. Morgan AM; State Street; T. Rowe Price
Infrastructure,,7.0,5,308,,,Amundi; BNY Investments; BlackRock; J.P. Morgan AM; T. Rowe Price
Hedge funds,,5.8,8,146,,,Amundi; BNY Investments; BlackRock; Invesco; J.P. Morgan AM; Schroders; State Street; T. Rowe Price
Private real estate,,7.3,6,123,,,AQR; BlackRock; J.P. Morgan AM; Schroders; State Street; T. Rowe Price
