Year,S&P 500 (includes dividends),US Small cap (bottom decile),3-month T.Bill,US T. Bond (10-year), Baa Corporate Bond,Real Estate,Gold*,S&P 500 (includes dividends)3,US Small cap (bottom decile) Cum Value,3-month T.Bill4,US T. Bond5, Baa Corporate Bond2,Real Estate2,Gold2,Stocks - Bills,Stocks - Bonds,Small Cap Premium (S&P 500 minus Bottom Decile),Stocks - Baa Corp Bond,Historical ERP,Inflation Rate,S&P 500 (includes dividends)2,US Small cap (bottom decile)22,3-month T. Bill (Real),!0-year T.Bonds,Baa Corp Bonds,Real Estate3,Gold,S&P 500 (includes dividends)3.1,US Small cap (bottom decile)22.1,3-month T.Bill4.1,US T. Bond5.1, Baa Corporate Bond2.1,Real Estate2.1,Gold2.1,Stocks minus T. Bills,Stocks minus T.Bonds
1928,0.43811155152887893,0.6214999999999999,0.0308,0.008354708589799302,0.03219551470232438,0.01491053677932408,0.0009689922480620172,143.8111551528879,162.15,103.08,100.83547085897993,103.21955147023243,101.49105367793241,100.09689922480621,0.40731155152887893,0.4297568429390796,0.183388448471121,0.4059160368265545,,-0.0115607,0.45493157903462444,0.6404649228334001,0.042856147059308514,0.02014833747484457,0.04426798358009876,0.02678084206012854,0.012676238437769438,145.49315790346245,164.04649228334,104.28561470593085,102.01483374748446,104.42679835800988,102.67808420601285,101.26762384377695,0.41207543197531593,0.4347832415597799
1929,-0.0829794661190966,-0.4608,0.0316,0.04203804156320426,0.03017856239904043,-0.020568070519098924,-0.0014520813165538327,131.8777822763307,53.92,106.337328,105.074396573995,106.33456914507781,99.40357852882704,99.9515503875969,-0.1145794661190966,-0.12501750768230085,-0.3778205338809034,-0.11315802851813703,,0.005848,-0.08831102325510076,-0.4639349086541903,0.025602277878963742,0.03597963267134219,0.024189104515831783,-0.026262487492244357,-0.007257638645753572,132.64450825239172,87.93959787082832,106.95556399241065,105.68528999274699,106.95278909774547,99.98150230382483,100.53266002340472,-0.1139133011340645,-0.12429065592644295
1930,-0.25123636363636365,-0.48350000000000004,0.0455,0.045409314348970366,0.005397809464823829,-0.04299999999999993,0.0009694619486184664,98.74528781279727,51.65,111.17567642400002,109.84575287805193,106.90854288884708,95.12922465208749,100.04844961240309,-0.29673636363636363,-0.29664567798533403,-0.2322636363636364,-0.25663417310118747,,-0.0639535,-0.20007858972429649,-0.44821117326970406,0.11693169089356137,0.11683480932728285,0.07408959860949627,0.022385105868138133,0.0693586931296879,106.10518210658037,48.524087532278394,119.46205894051774,118.03301069774818,114.87687831216354,102.21959881775145,107.50547393947929,-0.31701028061785785,-0.31691339905157934
1931,-0.4383754889178619,-0.4362,0.0231,-0.02558855961942253,-0.15680775082667592,-0.08150470219435735,-0.17384987893462467,55.457773989527276,56.38000000000001,113.7438345493944,107.03495828159154,90.14445473428975,87.37574552683898,82.65503875968992,-0.4614754889178619,-0.41278692929843935,0.002175488917861901,-0.28156773809118596,,-0.0931677,-0.3806743417915991,-0.37827534374326977,0.1282130113803841,0.07452220259531717,-0.07017841206877595,0.012861250978425165,-0.08897144371084342,65.71366174748013,30.168621641177275,134.77864926298244,126.829090633901,106.8150014087979,103.53427073306048,97.94055671626536,-0.5088873531719832,-0.45519654438691626
1932,-0.08642364532019696,0.2865,0.0107,0.08790306990477326,0.23589601675740196,-0.10466439135381123,0.21277842907385724,50.66491100000872,128.65,114.96089357907292,116.44365970167279,111.40917253887663,78.23061630218689,100.24224806201552,-0.09712364532019696,-0.17432671522497023,0.37292364532019695,-0.32231966207759893,,-0.1027397,0.01818430468817467,0.4338091187139339,0.12642897495854877,0.21247208853971733,0.3774107878810664,-0.002145075797749252,0.3516461489200595,66.90861899487196,43.256044808150506,151.81857573559907,153.77673240847906,147.12813524800953,103.31218187467337,132.38097630862674,-0.1082446702703741,-0.19428778385154266
1933,0.49982225433526023,1.466,0.0096,0.01855272089185736,0.1296689369754826,-0.03811944091486652,0.2725954567423874,75.9883610317284,246.60000000000002,116.06451815743202,118.60400641974435,125.8554815113109,75.24850894632208,127.56782945736434,0.49022225433526023,0.48126953344340284,0.9661777456647398,0.37015331735977763,,0.007633600000000001,0.4884599464877515,1.44731815215372,0.0019515030066485917,0.010836400147690162,0.12111082537887063,-0.04540642641816073,0.2629545667615565,99.59079944867646,105.8613036493614,152.1148501426122,155.4431186142616,164.94694514435008,98.62114489028137,167.19115858133355,0.4865084434811029,0.4776235463400613
1934,-0.011885656970912803,0.23070000000000002,0.0027833333333333334,0.0796344261796561,0.18816429268482648,0.029062087186261465,0.3175085453854918,75.0851894387234,123.07000000000001,116.38756439963687,128.04896841358894,149.53698917039497,77.43538767395627,168.07170542635657,-0.014668990304246137,-0.0915200831505689,0.24258565697091283,-0.2000499496557393,,0.0151515,-0.02663361771214723,0.21233136137808017,-0.012183567346023327,0.0635204953936983,0.17043051474073234,0.01370296668651072,0.29784425810875703,96.93833616851329,128.33897837048863,150.26154862156943,165.3169425141809,193.05893791021302,99.97254715329845,216.9880851713344,-0.014450050366123901,-0.09015411310584553
1935,0.4674042105263158,0.5489999999999999,0.001675,0.04472047729656613,0.1330773186567917,0.09765833726229745,0.004324012683770695,110.18032313054879,154.9,116.58251357000627,133.77537939837757,169.43697072920085,84.99759887945625,168.79844961240312,0.46572921052631583,0.42268373322974967,0.08159578947368412,0.33432689186952413,,0.029850699999999997,0.42487081916467706,0.5041015168509377,-0.027359014272651194,0.014438769907682891,0.10023454725698766,0.0658422014591995,-0.02478678444965776,138.12460646489038,193.03485203815166,146.15054076820124,167.70391580898482,212.4101131455581,106.55495974335525,211.60964827604855,0.45222983343732825,0.41043204925699417
1936,0.3194341027550261,0.9641,0.001725,0.0501787540454506,0.11383815871922703,0.03218601454670411,0.000861079219288019,145.3756757910145,196.41,116.78361840591452,140.4880612585456,188.72536349597664,87.73333283342535,168.9437984496124,0.3177091027550261,0.2692553487095755,0.6446658972449739,0.20559594403579906,,0.014492799999999998,0.30058498468892636,0.9360413400666816,-0.012585402281810154,0.03517615309389144,0.09792613483232904,0.017440453541616163,-0.013436981298154071,179.64278918430344,373.72345361951676,144.31117741892933,173.60309442592674,233.2106145252003,108.41332656838803,208.7662533896543,0.3131703869707365,0.2654088315950349
1937,-0.3533672875436554,-0.5394,0.002758333333333333,0.01379146059646038,-0.044161916839982614,0.025633912223270494,-0.0022942357327214724,94.00466756191786,46.06,117.10574655335085,142.42559681966594,180.39088968767183,89.98228138633235,168.55620155038758,-0.3561256208769887,-0.36715874814011573,-0.18603271245634462,-0.30920537070367277,,0.028571399999999997,-0.371329289871034,-0.5521944320054009,-0.025096037734149035,-0.014369385930368517,-0.07071294889200941,-0.002855890973372799,-0.03000825779593075,112.93615984604418,167.35544342099092,140.6895386649644,171.1085245634144,216.7196042592057,108.10370992764805,202.50154183884698,-0.34623325213688494,-0.35695990394066546
1938,0.29282654028436017,0.0516,0.00065,0.04213248532204607,0.0923588171368742,-0.0087368136326752,0.0017246335153779935,121.53172913465568,105.16000000000001,117.18186528861054,148.42634118715418,197.05157888149355,89.19612296361703,168.84689922480618,0.2921765402843602,0.2506940549623141,-0.24122654028436016,0.20046772314748595,,-0.0277778,0.3297644718299584,0.08164573900904548,0.02924002352548616,0.07190772368913834,0.12356909473664968,0.019585014996905903,0.030345360880854155,150.1784929481787,181.01930227628424,144.80330408531776,183.41254906857654,243.49944956920072,110.2209227078022,208.6465242048762,0.3005244483044722,0.25785674814082005
1939,-0.010975646879756443,-0.048600000000000004,0.0004583333333333333,0.04412261394206067,0.0798313776534614,-0.013016072256937905,-0.012338593974175027,120.19783979098749,95.14,117.23557364353447,154.97529933818757,212.7824778923929,88.03513978208387,166.76356589147284,-0.011433980213089777,-0.05509826082181711,-0.037624353120243564,-0.09080702453321784,,0,-0.010975646879756495,-0.04859999999999998,0.00045833333333322734,0.04412261394206074,0.07983137765346138,-0.013016072256937905,-0.012338593974175027,148.53018684064548,172.22176418565684,144.86967226635684,191.50519016325862,262.93834608616953,108.78627921361108,206.07211945858933,-0.011433980213089723,-0.055098260821817235
1940,-0.10672873194221515,-0.32880000000000004,0.00035833333333333333,0.05402481596284551,0.08648137177582957,0.03306607685927565,-0.016560139453805967,107.36927676790187,67.12,117.27758305742339,163.34781136372007,231.18419847038714,90.94611648043534,164.0019379844961,-0.10708706527554848,-0.16075354790506066,-0.22207126805778488,-0.1932101037180447,,0.0071429,-0.1130640269044394,-0.3335603120470789,-0.006736448885919621,0.04654941812412661,0.07877578422667675,0.025739323445834295,-0.023534931789526592,131.73676579957333,114.7754187825907,143.8937651240146,200.41964533310852,283.6515205023729,111.58636444075906,201.22222618340825,-0.10632757801851977,-0.159613445028566
1941,-0.1277145557655955,-0.0675,0.0012916666666666669,-0.020221975848580105,0.05007172857275923,-0.08384627736444894,0.0,93.656657282616,93.25,117.42906660220589,160.0445958674045,242.75999090650726,83.32062317279727,164.0019379844961,-0.12900622243226217,-0.10749257991701541,0.06021455576559551,-0.17778628433835475,,0.09929080000000001,-0.2065016424822217,-0.15172582177527538,-0.08914759709926912,-0.10871807154993018,-0.04477347707016255,-0.1665956609156093,-0.09032259707804335,104.53290728666568,97.36102404820075,131.0659817256421,178.630407991772,270.95145565324316,92.99656030758076,183.04731212469736,-0.11735404538295258,-0.09778357093229151
1942,0.19173762945914843,0.6301,0.003425,0.022948682374484164,0.051799010426587015,0.03333041217538635,0.0,111.61416273305268,163.01000000000002,117.83126115531844,163.71740846371824,255.3347182066316,86.09773388585666,164.0019379844961,0.18831262945914842,0.16878894708466427,0.4383623705408516,0.1399386190325614,,0.0903226,0.09301378276406314,0.495062103637951,-0.07969898083374582,-0.0617926452460178,-0.035332285667941665,-0.05227094056806081,-0.08284025296733277,114.25590841672354,145.56077742584816,120.62015656013408,167.592362560585,261.3781214199581,88.13554263070912,167.88362648329712,0.17271276359780896,0.15480642801008093
1943,0.25061310133060394,1.4302000000000001,0.0038,0.0249,0.08044670060105924,0.11446259964945993,0.0,139.5861342080017,243.02,118.27901994770866,167.79397193446482,275.8755538352563,95.95270433035921,164.0019379844961,0.24681310133060394,0.22571310133060393,1.1795868986693963,0.1701664007295447,,0.0295858,0.214675941850212,1.3603666639536018,-0.02504482870684499,-0.004551150569481521,0.04939938041206404,0.08243781105902959,-0.02873563330030382,138.78390316803524,343.57680661514195,117.59924540049269,166.82962448427665,274.2900386713733,95.40124384168458,163.05938415554792,0.23972077055705698,0.21922709241969351
1944,0.1903067694944301,0.7115,0.0038,0.025776111579070303,0.0656586358825617,0.16584227481419478,0.0,166.15032047534245,171.15,118.72848022350996,172.11904807734297,293.98916637342546,111.86571909107982,164.0019379844961,0.1865067694944301,0.16453065791535978,0.52119323050557,0.1246481336118684,,0.0229885,0.1635583093010624,0.6730393352417938,-0.01875729785818714,0.0027249686375458992,0.04171125665885933,0.13964357841187325,-0.022471904620628758,161.48316372840145,574.8175121438954,115.3934013266176,167.28422997880986,285.7310208733634,108.7234149166811,159.39512922730597,0.18231560715924955,0.1608333406635165
1945,0.358210843373494,0.9440999999999999,0.0038,0.03804417341923723,0.06799865477817886,0.11777376471356127,0.025406203840472763,225.6671668995912,194.41,119.1796484483593,178.66717499115143,313.9800342061766,125.040565970826,168.16860465116278,0.354410843373494,0.3201666699542568,0.5858891566265059,0.29021218859531517,,0.0224719,0.3283600687446706,0.9013725462773108,-0.018261528752037015,0.015230025802408065,0.044526167201444755,0.09320731915817082,0.002869813674559518,214.50778647136624,1092.9422367098275,113.28614141049623,169.8319731177231,298.4535280834103,118.85723295078643,159.85256354882068,0.3466215974967076,0.31313004294226254
1946,-0.08429147465437781,-0.1373,0.0038,0.031283745375695685,0.025080329773195936,0.2410168567758013,0.0,206.64534862054904,86.27,119.63253111246307,184.2565534005695,321.8547570062668,155.1774501505817,168.16860465116278,-0.0880914746543778,-0.11557522003007349,-0.0530085253456222,-0.10937180442757374,,0.1813187,-0.22484209777969133,-0.26971443015335317,-0.15027164134454152,-0.12700633167349695,-0.13225759503070944,0.050535183076168444,-0.15348838547971855,166.27740577106616,798.1599441451051,96.26244699915112,148.26223721116915,258.9807822306681,124.86370497788121,135.3170516549181,-0.07457045643514981,-0.09783576610619438
1947,0.052,-0.0174,0.006008333333333333,0.009196968062832236,0.0026212022665691934,0.2126388104648973,0.0,217.3909067488176,98.26,120.35132323689713,185.95115503756207,322.69840342483775,188.1741985615773,168.16860465116278,0.04599166666666667,0.042803031937167765,-0.06939999999999999,0.049378797733430804,,0.08837210000000001,-0.033418809614836564,-0.09718376647104421,-0.07567610991375706,-0.07274638144175838,-0.07878821749788578,0.11417667768670059,-0.08119658708634658,160.72061280435398,720.5917545267655,88.97767947947615,137.47669594959697,238.57614803250564,139.12022797590802,124.32976888595188,0.0422573002989205,0.039327571826921814
1948,0.057045751633986834,-0.0001,0.01045,0.019510369413175046,0.03436959560510321,0.020585153855108507,0.0,229.79213442269784,99.99,121.6089945647227,189.5791307651515,333.7894170529618,192.0477933905291,168.16860465116278,0.04659575163398683,0.03753538222081179,-0.05714575163398684,0.02267615602888362,,0.0299145,0.026343207745872954,-0.02914271039003724,-0.01889914162777584,-0.010101936215894614,0.004325694613585007,-0.009058369549017509,-0.02904561495153246,164.9545092965031,699.5917577151432,87.29607771328268,136.0879151359422,239.60815559097972,137.86002553915867,120.7185342918775,0.045242349373648794,0.03644514396176757
1949,0.18303223684210526,0.276,0.01115,0.04663485182797314,0.053773011179658936,0.0008934851624431417,-0.08700662633246903,271.851502794806,127.60000000000001,122.96493485411936,198.42012543806027,351.7382791078026,192.2193852444035,153.53682170542635,0.17188223684210527,0.13639738501413212,0.09296776315789476,0.12925922566244633,,-0.0207469,0.20809649399333563,0.30303391431694227,0.0325726821799186,0.06880933216139229,0.07609872379230564,0.02209886817048945,-0.06766353492520882,199.2809643494965,911.5917864794329,90.13954510819092,145.45203369168263,257.84203044168146,140.90657606952885,112.55029153069903,0.17552381181341703,0.13928716183194334
1950,0.30805539011316263,0.5281,0.012033333333333333,0.00429595741710961,0.042388173056720914,0.03640392529281433,0.09561375828337004,355.5968235411095,152.81,124.4446129035306,199.2725298476397,366.64782215329734,199.21692538467147,168.21705426356587,0.2960220567798293,0.30375943269605304,0.22004460988683738,0.2656672170564417,,0.059322,0.23480432778056382,0.44252644616084624,-0.044640502761829515,-0.051944585860475456,-0.015985533145992714,-0.02163466321589258,0.034259420915802696,246.0729972230425,1314.9952600995935,86.11567049583866,137.89658803900426,253.7202881176259,137.85810975136005,116.40619934244555,0.27944483054239333,0.28674891364103927
1951,0.2367846304454234,0.0387,0.015175000000000001,-0.0029531392208319886,-0.001909809130136969,0.060476481368356705,0.0,439.7966859908575,103.86999999999999,126.33305990434167,198.68405032411223,365.94759479500414,211.26486406095887,168.21705426356587,0.2216096304454234,0.23973776966625537,-0.1980846304454234,0.23869443957556036,,0.06,0.16677795325039924,-0.02009433962264162,-0.04228773584905676,-0.05938975398191704,-0.058405480311449987,0.0004495107248647656,-0.05660377358490576,287.1125480500927,1288.5712987409884,82.47403376944622,129.70694360042202,238.90163282535647,137.92007845020288,109.81716919098635,0.209065689099456,0.22616770723231627
1952,0.18150988641144306,0.0102,0.017225,0.022679961918305656,0.04441241504740077,0.044066820276497776,-0.003456221198156584,519.6241325091871,101.02,128.50914686119395,203.19019701923781,382.2002112606379,220.57463485627187,167.63565891472868,0.16428488641144307,0.1588299244931374,-0.17130988641144307,0.1370974713640423,,0.0075472,0.172659589954141,0.0026329287600619367,0.009605306828305293,0.015019407446425825,0.0365890700181597,0.03624606398240959,-0.010920998240237956,336.6852828671103,1291.9640151728338,83.26622216916977,131.65506503498733,247.64282139625612,142.9191384381679,108.61785607950367,0.1630542831258357,0.15764018250771517
1953,-0.012082047421904465,-0.059699999999999996,0.018908333333333333,0.04143840258908851,0.016201123818443276,0.11516568544995809,0.006936416184971206,513.3460090986451,94.03,130.93904064642769,211.61007420547722,388.3922842067066,245.97726387236864,168.79844961240312,-0.030990380755237797,-0.05352045001099298,-0.047617952578095535,-0.02828317124034774,,0.007490599999999999,-0.01942712658748813,-0.06669104406532411,0.011332843535545978,0.03369540379740377,0.00864576187454591,0.10687453108739486,-0.0005500635093058648,330.1444552567067,1205.8015861061292,84.20986523680898,136.0912356133147,249.78388225998887,158.19355434216155,108.5581093604153,-0.03075997012303411,-0.0531225303848919
1954,0.525633212414349,0.6496999999999999,0.0093752,0.032898034558095555,0.061579051817707856,0.009227220299884653,0.0057405281285876075,783.1777209412517,164.97,132.16662034029608,218.57162973953018,412.3091128014694,248.24695027488184,169.76744186046508,0.516258012414349,0.4927351778562535,0.12406678758565093,0.4640541605966412,,-0.0074348999999999995,0.5370611080465644,0.6620572292940785,0.016936017597233732,0.04063505210700602,0.06953090715934707,0.016786929441589882,0.013274119882501934,507.452202212303,2004.1112432819584,85.63604499632025,141.62131006376856,267.15158218730943,160.84913837701774,109.9991227182832,0.5201250904493306,0.49642605593955835
1955,0.3259733185102835,0.2672,0.017243426294820716,-0.013364391288618781,0.02044690004344954,0.0,-0.00028538812785383616,1038.4727616197922,126.71999999999998,134.4456257167695,215.65055295509998,420.7395560179244,248.24695027488184,169.718992248062,0.30872989221546276,0.33933770979890227,-0.0587733185102835,0.3055264184668339,,0.0037452999999999996,0.3210256810271326,0.262471664873549,0.01344776039780271,-0.017045849468604102,0.016639280944527934,-0.0037313250682220467,-0.0040156483202002935,670.3573910162257,2530.133657897972,86.78765801084622,139.20725453087505,271.5967924180992,160.24895795478966,109.55740492591602,0.30757792062932987,0.3380715304957367
1956,0.07439511873350935,-0.0089,0.026213888888888887,-0.022557738173154165,-0.023526541979620903,0.00914285714285712,-0.0011418783899515006,1115.730066022012,99.11,137.96996841090606,210.7859642446429,410.8410091907816,250.51663667739504,169.52519379844958,0.04818122984462046,0.09695285690666351,-0.08329511873350935,0.09792166071313024,,0.029850699999999997,0.04325327810478674,-0.03762749299485835,-0.0035313964549530397,-0.05088935529504823,-0.0518300778740266,-0.02010761643133585,-0.030094244136505854,699.3525456794498,2434.931071409361,86.48117638301304,132.12308709540514,257.51990951673326,157.02673337471347,106.26035763511346,0.04678467455973978,0.09414263339983497
1957,-0.1045736018855796,-0.1519,0.03224566929133858,0.0679701284662499,-0.007189284402542365,0.027180067950169917,-0.0011431837667904565,999.0541542860545,84.81,142.4189023844206,225.11311331323367,407.88735633148156,257.32569588493465,169.3313953488372,-0.13681927117691817,-0.17254373035182952,-0.04732639811442041,-0.09738431748303723,,0.0289855,-0.1297968745775132,-0.17579013504077567,0.003168333558965175,0.03788647018471081,-0.035155776638779224,-0.001754574821346111,-0.02927998865561332,608.5787710224297,2006.8942095513287,86.75517759636612,137.12876449535716,248.46659709772436,156.75121822205597,103.14905556901593,-0.13296520813647839,-0.16768334476222402
1958,0.43719954988747184,0.688,0.017665461847389558,-0.020990181755274694,0.06430092897336026,0.006615214994487362,0.0042918454935620964,1435.8401808531264,168.79999999999998,144.93479807083966,220.38794814929315,434.1148922600838,259.02796068681954,170.05813953488368,0.4195340880400823,0.4581897316427465,0.2508004501125281,0.3728986209141116,,0.0176056,0.41233455268669106,0.6587959028527359,5.882617724339845e-05,-0.03792803592597627,0.045887452833750286,-0.010800240294975394,-0.013083413167574887,859.5168263465794,3329.027892262624,86.76028107182019,131.92773978909253,259.8680963528086,155.05826739872765,101.79951385716136,0.41227572650944766,0.4502625886126673
1959,0.12056457163557326,0.127,0.0338601593625498,-0.026466312591385065,0.015743430895022732,0.0010952902519167917,0.0,1608.9516371948275,112.7,149.84231343069726,214.55509182219998,440.94935006688075,259.3116714871337,170.05813953488368,0.08670441227302345,0.1470308842269583,0.006435428364426746,0.10482114074055052,,0.017301,0.1015073922423877,0.10783337478288146,0.01627754161506756,-0.04302297215021422,-0.0015310798917697044,-0.015930103035466603,-0.017006765942430002,946.7641379774739,3688.008204631645,88.1725251575017,126.25181631430569,259.47021753597033,152.588173222565,100.06823335193945,0.08522985062732014,0.14453036439260192
1960,0.00336535314743695,-0.035699999999999996,0.028729718875502006,0.11639503690963365,0.06663187163303434,0.007658643326039272,0.004843304843304974,1614.366327651135,96.43,154.14724097121606,239.52823965399477,470.33063055720703,261.2976470893327,170.8817829457364,-0.025364365728065056,-0.1130296837621967,-0.03906535314743695,-0.06326651848559739,0.061119788031217315,0.0136054,-0.010102596979616685,-0.048643584574431076,0.014921308504771025,0.10140991445944691,0.05231470908998137,-0.005866934680853975,-0.008644483500872324,937.1993614567333,3508.61026561845,89.48817460702146,139.05500220708922,273.0443264838788,151.69294837719738,99.20319515976718,-0.02502390548438771,-0.1115125114390636
1961,0.2663771295818275,0.2945,0.023524899598393576,0.020609208076323167,0.051,0.009771986970684043,-0.0005670541536717533,2044.3965961044005,129.45,157.77353933843332,244.46472698517934,494.31749271562455,263.85104429216005,170.7848837209302,0.24285222998343395,0.24576792150550436,0.028122870418172463,0.21537712958182753,0.06617359182997262,0.006711399999999999,0.25793462712533866,0.28587001200145346,0.01670140975695089,0.013805156151329268,0.04399334307727121,0.003040183085921244,-0.0072299311934599375,1178.9355292961814,4511.616724359219,90.98275327953489,140.9746782261815,285.05645921418653,152.15412271310726,98.48596288459068,0.24123321736838776,0.2441294709740094
1962,-0.08811460517120888,-0.0978,0.027723694779116466,0.05693544054008462,0.06495327993606576,0.003225806451612634,-0.0005673758865248901,1864.2553972252979,90.22,162.14760478727297,258.383433912592,526.4250351972767,264.70217669310244,170.687984496124,-0.11583829995032535,-0.14505004571129348,-0.009685394828791119,-0.15306788510727465,0.05968346537898994,0.0133333,-0.10011306760688599,-0.10967102334444156,0.014201047946530876,0.04302842957996611,0.05094077134943231,-0.009974500540332887,-0.013717772707681597,1060.9086769475928,4016.823101260846,92.27480372116496,147.04059724079514,299.5774551246952,150.6364613338915,97.1349548308427,-0.11431411555341686,-0.1431414971868521
1963,0.22611927099841514,0.19649999999999998,0.03156024096385542,0.016841620739546127,0.054644805711862345,0.02143622722400873,-0.003973885892704865,2285.7994686007432,119.64999999999999,167.2650222660713,262.7350297119295,555.1914289674921,270.3763926993855,170.00968992248062,0.1945590300345597,0.20927765025886902,-0.02961927099841516,0.1714744652865528,0.06361899391151482,0.0164474,0.20627911586808634,0.1771391220047389,0.014868296149761706,0.0003878417511284926,0.03757932354577531,0.004908101711912138,-0.020090843749223986,1279.7519808451234,4728.359618666545,93.64677283005237,147.097625723516,310.83537323784606,151.37580040764075,95.18343163074832,0.19141081971832463,0.20589127411695785
1964,0.16415455878432425,0.2325,0.035457370517928286,0.037280648911540815,0.05161739272285027,0.012591815320041944,0.00028498147620403813,2661.023871838341,123.25,173.1958001352489,272.5299621113832,583.8489629928675,273.7809223031553,170.0581395348837,0.12869718826639598,0.12687390987278344,0.06834544121567576,0.11253716606147399,0.06526777744265821,0.0097087,0.15296080818588997,0.22064908423587903,0.025501088103854208,0.02730683504216702,0.04150572608005687,0.002855393164426401,-0.009333106195674068,1475.503878112687,5771.667838463229,96.03486743463316,151.11439632424248,323.73682109544836,151.8080378333843,94.29507455526986,0.12745972008203577,0.12565397314372295
1965,0.12399242477876114,0.4524,0.03949076305220883,0.007188550935926234,0.03190009462253881,0.01658031088082912,0.0005698005698004938,2990.9706741017444,145.23999999999998,180.03543444002773,274.48905762558695,602.4738001576111,278.32029510818177,170.1550387596899,0.08450166172655231,0.11680387384283492,0.32840757522123887,0.09209233015622234,0.06661794168987445,0.0192308,0.10278498724603002,0.4249961833963414,0.019877698998312043,-0.011815036460901651,0.012430250952520927,-0.0026004798120022876,-0.01830890454860623,1627.1635254059674,8224.604641641512,97.94381962284159,149.32897422190442,327.76095102423614,151.4132640956989,92.56863503583372,0.08290728824771798,0.11460002370693168
1966,-0.0997095423563779,-0.0947,0.048557199999999995,0.029079409324299622,-0.03445361597577637,0.012232415902140525,0.0002847380410024858,2692.7423569857124,90.53,188.77745103721907,282.47103728732264,581.7163992115142,281.72482471195156,170.20348837209303,-0.14826674235637788,-0.12878895168067753,0.005009542356377891,-0.06525592638060153,0.061123719679815336,0.0345912,-0.12981044334842384,-0.12496839331322351,0.013499051606083778,-0.005327505855163173,-0.06673632636327886,-0.021611225861827732,-0.03315943723375714,1415.9407067726345,7196.789013939092,99.26596829842728,148.5334232373917,305.8873892275441,148.1410378468502,89.49911119254843,-0.14330949495450762,-0.12448293749326067
1967,0.23802966513133328,1.1587,0.04293453815261044,-0.015806209932824666,0.008952266148446825,0.023162134944612278,-0.005123825789923098,3333.6949185039784,215.87,196.8825237111291,278.0062407720165,586.9240792401719,288.250173119177,169.33139534883722,0.19509512697872283,0.25383587506415795,0.9206703348686668,0.22907739898288645,0.06573283877673952,0.030395099999999998,0.20150965889815775,1.0950216087013613,0.012169543656225246,-0.044838441033759446,-0.020810302622317534,-0.007019603504896055,-0.034471171097303466,1701.2664356144044,15077.42849746696,100.47398983321247,141.87341609801948,299.52178008936824,147.10114649836152,86.4139720175735,0.1893401152419325,0.2463480999319172
1968,0.10814862651601535,0.6069,0.053376,0.032746196950768365,0.04845146224309746,0.04133858267716528,0.12474964234620889,3694.2294451636035,160.69,207.39132529673435,287.1098878858797,615.3614091050417,300.16602673237134,190.45542635658916,0.05477262651601535,0.07540242956524698,0.49875137348398463,0.059697164272917894,0.06596627828748769,0.0471976,0.05820394022676845,0.5344763968137436,0.005899937127434196,-0.013800072736255053,0.0011973501878703718,-0.00559494915079517,0.07405674186629985,1800.2868455427126,23135.958154009957,101.06678005617088,139.91555263652583,299.88041254902953,146.27812306367952,92.8135092369206,0.05230400309933425,0.0720040129630235
1969,-0.08241371076449064,-0.3295,0.06668467741935484,-0.050140493209926106,-0.02025164250792147,0.06994328922495274,0.05011447468837438,3389.7742881722256,67.05,221.22114892371957,272.7140565018351,602.8993298346757,321.16062595561846,200,-0.14909838818384546,-0.03227321755456453,-0.24708628923550938,-0.06216206825656917,0.06333387273419877,0.0619718,-0.13595983505822917,-0.3686273025328921,0.004437855524369594,-0.10556993435223616,-0.0774252597930769,0.007506309701399427,-0.011165386229300633,1555.5201429652257,14607.412308183397,101.51529982437341,125.14467692983095,276.66209370056583,147.37613195793492,91.77721055899362,-0.14039769058259877,-0.03038990070599301
1970,0.03561144905496419,-0.18780000000000002,0.06391,0.16754737183412338,0.05649567656988873,0.08215547703180204,-0.09447674418604646,3510.489062543298,81.22,235.35939255143447,318.4065799309402,636.9605353772182,347.5457303848344,181.1046511627907,-0.028298550945035805,-0.1319359227791592,-0.2234114490549642,-0.02088422751492454,0.05897256666631501,0.0557029,-0.019031349582383283,-0.23065476091805748,0.0077740621911712715,0.10594313213890327,0.000750946663013563,0.02505683846449802,-0.14225559500314577,1525.9164953420157,11238.143114607865,102.30448607856349,138.40289597428838,276.8698521766126,151.06891188992745,78.72138886319499,-0.026805411773554555,-0.12497448172128656
1971,0.14221150298426474,0.15960000000000002,0.0433425702811245,0.09786896619712297,0.1400146617421994,0.0424489795918368,0.1669341894060994,4009.720988337403,115.96,245.5604735644178,349.56870273914296,726.1443492811896,362.29869200117025,211.33720930232556,0.09886893270314023,0.04434253678714177,0.017388497015735277,0.002196841242065345,0.05866063680987854,0.0326633,0.10608317636955311,0.12292167253353536,0.010341483309346255,0.06314320088369851,0.10395582155597016,0.009476157031858001,0.13002388039363777,1687.7905640425931,12619.554462426699,103.36246621381619,147.1420978376785,305.65208512371237,152.5004646216283,88.9570493131641,0.09574169306020686,0.0429399754858546
1972,0.18755362915074925,0.0016,0.0406184,0.02818449050444969,0.11409093579389698,0.029757243539545897,0.4878496102705183,4761.7587115820115,100.16000000000001,255.53474710384677,359.42111852214714,808.990837612131,373.079702413108,314.43798449612405,0.14693522915074925,0.15936913864629956,-0.18595362915074926,0.07346269335685227,0.06080430372818957,0.0340633,0.14843417143877868,-0.03139391950183312,0.006339167050992023,-0.0056851543764778745,0.07739142835249746,-0.004164209734988211,0.43883803851323067,1938.3163579784443,12223.377185484276,104.01769815394809,146.30557229619248,329.3069365703556,151.8654207022607,127.99478634567778,0.14209500438778666,0.15411932581525656
1973,-0.14308047437526472,-0.38799999999999996,0.07035443548387096,0.036586646024150085,0.043180404854323576,0.034220532319391594,0.7295839753466871,4080.444016268308,61.20000000000001,273.51274998285163,372.57113175912104,843.9233895036613,385.84668842724477,543.8468992248062,-0.21343490985913569,-0.1796671203994148,-0.24491952562473523,-0.18626087922958828,0.054960045718843054,0.0870588,-0.21170821152937158,-0.43701297482712065,-0.015366569422122445,-0.04643001277929948,-0.04036432541245838,-0.04860663257646092,0.5910675442273103,1527.9588684527027,6881.602759221835,102.41930297413607,139.51260270479753,316.01468422205,144.48375399711625,203.64835038491682,-0.19634164210724914,-0.1652781987500721
1974,-0.2590178575089697,-0.26899999999999996,0.07845783132530121,0.019886086932378574,-0.04380719797719167,0.10073529411764692,0.6614699331848553,3023.5361494891954,73.10000000000001,294.9719671863255,379.98011367377757,806.9534705020917,424.71506807028334,903.5852713178294,-0.3374756888342709,-0.2789039444413483,-0.009982142491030244,-0.21521065953177804,0.046417018581159875,0.1233766,-0.34039738544399956,-0.34928322345329244,-0.03998549433440113,-0.09212450487897073,-0.1488225747066404,-0.020154688892712547,0.4789963874847092,1007.8456645654306,4477.974364955761,98.32401651533044,126.6600732562415,268.9845652710186,141.57172888525315,301.19517453651224,-0.30041189110959843,-0.24827288056502883
1975,0.36995137106184356,0.5968,0.05786385542168675,0.03605253602603384,0.11049964074144952,0.06773709374926429,-0.24798927613941024,4142.097493447771,159.68,312.0401824490456,393.6793604111778,896.1215390876388,453.4840324528853,679.5058139534883,0.3120875156401568,0.33389883503580975,0.22684862893815644,0.25945173032039404,0.051706756781676244,0.0693642,0.2810896148027431,0.4932237305120182,-0.01075437589767203,-0.031150906280541624,0.038467194564255625,-0.001521564169378209,-0.29676837520782007,1291.1406141987422,6686.617586376427,97.26660308195567,122.71449718474979,279.33164687808056,141.35631841518443,211.80997196887571,0.2918439907004151,0.3122405210832847
1976,0.23830999002106662,0.48619999999999997,0.049766000000000005,0.1598456074290921,0.19752813987098014,0.08177834856840671,-0.04099821746880572,5129.200705777594,148.62,327.56917416880475,456.607276908399,1073.1307598019398,490.569207729024,651.6472868217054,0.18854399002106662,0.07846438259197452,0.24789000997893335,0.04078185015008648,0.05219658803895011,0.0486486,0.1808626741322752,0.4172526430684216,0.0010655619051034293,0.10603838829241008,0.1419727636798258,0.031592802935517916,-0.08548794845938446,1524.659758363515,9476.62644747978,97.37024666883862,135.72694468633415,318.98913276859884,145.82216072656567,193.70277200201681,0.17979711222717176,0.07482428583986511
1977,-0.06979704075935232,0.3029,0.05260963855421687,0.012899606071070449,0.09954662852090639,0.14654841300324728,0.2263940520446095,4771.197675053536,130.29,344.8024700233289,462.49733090970153,1179.9573089023015,562.4613465899728,799.1763565891472,-0.12240667931356919,-0.08269664683042277,0.37269704075935234,-0.1693436692802587,0.04926676135704655,0.06701030000000001,-0.12821557651257187,0.22107537293688728,-0.013496272196981574,-0.050712438229443046,0.030492984482817453,0.0745429664580064,0.1493741457271871,1329.1746284594185,11571.675173539943,96.05611131590874,128.8439003878574,328.7160634442991,156.69217716244006,222.63695809480618,-0.1147193043155903,-0.07750313828312883
1978,0.0650928391167193,0.2889,0.07178306451612904,-0.007775806907508648,0.03137584977169086,0.15723596053112443,0.3701121551985451,5081.768477709861,128.89,369.5534479743342,458.9010409693096,1216.979472163429,650.9004966826768,1094.9612403100775,-0.0066902253994097355,0.07286864602422795,0.22380716088328068,0.03371698934502844,0.04974189891320324,0.0901771,-0.023009344888349492,0.18228497002918154,-0.016872520514209066,-0.08985045357080856,-0.05393733754663266,0.06151189612323038,0.25677943079023136,1298.591191016352,13681.017635736096,94.43540260721592,117.26721749817632,310.9859941733036,166.3306100873789,279.8055494672591,-0.006136824374140426,0.06684110868245907
1979,0.18519490167516386,0.4169,0.10054274193548388,0.006707203124723546,-0.020091101436615355,0.13742466907023854,1.2654867256637168,6022.886091275286,141.69,406.7093649253859,461.9789834652378,1192.5290141419148,740.3502820369475,2480.6201550387595,0.08465215973967999,0.17848769855044033,0.23170509832483613,0.20528600311177922,0.052132252828986925,0.13293939999999999,0.046123827695606634,0.2506405903087139,-0.02859522589161967,-0.111420078492527,-0.13507386311802316,0.003958966446253598,0.9996539317669744,1358.487187357823,17110.035971980917,91.73500093749654,104.20129491992928,268.9799145647164,166.98910739169972,559.5142671224232,0.0747190535872263,0.15754390618813363
1980,0.3173524550676301,0.4192,0.1139188,-0.02989744251999403,-0.033156783371910456,0.07396867263598716,0.15185546875,7934.263778934181,141.92000000000002,453.04120772644796,448.16699336164055,1152.9885879552935,795.1130096848992,2857.315891472868,0.20343365506763011,0.34724989758762415,0.10184754493236992,0.35050923843954057,0.05731870525758964,0.125163,0.17081032265336682,0.2613283586467028,-0.009993396512327446,-0.1378115371017301,-0.14070830926000089,-0.04549947639943075,0.023723201660559523,1590.5308221508774,21581.373588924733,90.81825669906941,89.84115429902313,231.13220556141567,159.39119044096907,572.7877369133287,0.18080371916569427,0.30862185975509693
1981,-0.04702390247495576,-0.0429,0.14036184738955823,0.08199215335892354,0.08462399480891206,0.050950062475763724,-0.3259855871131836,7561.163732783006,95.71,516.6309085865288,484.91317021175587,1250.559088237157,835.6240672036374,1925.8720930232555,-0.187385749864514,-0.12901605583387932,0.004123902474955761,-0.13164789728386783,0.05373099046864449,0.0892236,-0.12508680722209453,-0.12130071364594008,0.04694926495308982,-0.00663908369326216,-0.004222829170326348,-0.03513836601064857,-0.3811973841855645,1391.576399819691,18963.53757112852,95.08210709541174,89.24469135653264,230.15617374156906,153.7904444523813,354.44254990839846,-0.17203607217518435,-0.11844772352883237
1982,0.20419055079559353,0.2685,0.1109,0.32814549486295586,0.2905245565590866,0.005637209683701183,0.15622641509433977,9105.081920035633,126.85,573.9252763487748,644.0352424164572,1613.8772127981929,840.3346552872115,2226.7441860465115,0.09329055079559354,-0.12395494406736232,0.06430944920440648,-0.08633400576349307,0.05103868869213968,0.0382979,0.1597736553214577,0.2217110330281895,0.06992415182579093,0.2791564876158912,0.24292320783764132,-0.03145599188469794,0.11357868979060792,1613.9136478779574,23167.96307589231,101.73064278786742,114.15792593398658,286.06644977050854,148.9528134797431,394.6996703330365,0.08984950349566678,-0.11938283229443347
1983,0.22337155858930619,0.3486,0.0895,0.032002094451429264,0.16194289622798344,0.04749480207101797,-0.16797214969538743,11138.898259597305,134.86,625.29158858199,664.6457190743178,1875.2331627950778,880.2461834134947,1852.7131782945733,0.1338715585893062,0.19136946413787692,0.12522844141069384,0.061428662361322744,0.05340283065456397,0.0379098,0.17868774202662507,0.2993421971735888,0.04970586075976913,-0.00569192578061295,0.11950277011353339,0.009234908535421749,-0.1983620828085325,1902.3002334432233,30103.11204706649,106.78725195328298,113.50814749230162,320.25218295462827,150.32837908832227,316.4062216419342,0.12898188126685595,0.18437966780723802
1984,0.0614614199963621,-0.145,0.0992,0.13733364344102345,0.15619207332454216,0.04678134973145487,-0.193776150627615,11823.510763827162,85.5,687.3205141693234,755.9239372722727,2168.1297184589794,921.4252879695398,1493.7015503875966,-0.037738580003637896,-0.07587222344466135,-0.20646141999636208,-0.09473065332818006,0.05121212631805139,0.0394867,0.02113997225396158,-0.17747865364703574,0.057444987030617956,0.09413005807676367,0.11227211788716684,0.0070175498459525976,-0.2244019578390133,1942.5148075969178,24760.452250367267,112.92164425677464,124.19267600793782,356.2075737929328,151.38331598183584,245.4040460330394,-0.036305014776656375,-0.07299008582280209
1985,0.3123514948576895,0.2451,0.07719999999999999,0.2571248821260641,0.23862641849916477,0.07471371207614519,0.0600064871878041,15516.60202537456,124.51,740.3816578631951,950.2907905396761,2685.5027480164476,990.2683916345752,1583.333333333333,0.2351514948576895,0.05522661273162538,-0.06725149485768947,0.07372507635852471,0.05128436510258161,0.0379867,0.26432399842665566,0.19953367417906231,0.03777822972105516,0.21111848747779138,0.1932970032266932,0.03538293128047321,0.0212139396273614,2455.9680885439207,29700.99626221828,117.18762407398634,150.41204592255303,425.06143033375787,156.7397014482313,250.61003264989452,0.2265457687056005,0.053205510948864276
1986,0.18494578758046187,0.0209,0.061500000000000006,0.24284215141767618,0.2214614600547623,0.09612357509816483,0.18956548347613222,18386.332207530046,102.08999999999999,785.9151298217816,1181.0614505867354,3280.238107573247,1085.4565297452002,1883.4786821705422,0.12344578758046187,-0.057896363837214304,-0.16404578758046187,-0.03651567247430043,0.04966356559973906,0.010979000000000001,0.17207754817900445,0.009813260216087416,0.04997235353058782,0.22934517078759908,0.20819666882770305,0.08421992454656801,0.17664707523710388,2878.5850556264345,29992.45986721647,123.0437654536212,184.90832228317316,513.557804176385,169.94030727765295,294.8795619425735,0.12210519464841663,-0.05726762260859464
1987,0.05812721641821871,-0.14,0.0596,-0.04960508937926228,0.011171968043818023,0.07849387703572619,0.24527331189710622,19455.07851889441,86.0,832.75567155916,1122.4747917679792,3316.8848228871693,1170.658221118646,2345.4457364341083,-0.0014727835817812882,0.107732305797481,-0.19812721641821873,0.04695524837440069,0.05069359043750721,0.0443439,0.013198062839471447,-0.1765164712505144,0.014608310538319902,-0.0899598201121895,-0.031763418119435616,0.03269993441406238,0.1923977455099859,2916.5768020793557,24698.296687332746,124.8412269891719,168.27400287333214,497.2454529138313,175.4973441799378,351.61372485729686,-0.0014102476988484547,0.10315788295166095
1988,0.16537192812044688,0.17149999999999999,0.0689,0.08223595843484167,0.15681384703221346,0.07221035380878682,-0.1525511258004545,22672.402365298665,117.15,890.1325373295861,1214.7825820879684,3837.018292126868,1255.1918654547885,1987.645348837209,0.09647192812044687,0.0831359696856052,0.00612807187955311,0.008558081088233416,0.051199933578993884,0.0441941,0.11604914078756723,0.12191785033070013,0.0236602562684467,0.03643178833785976,0.10785326888191893,0.026830503839072595,-0.18841825078350316,3255.0430340016155,27709.459926282205,127.79500241260303,174.40452572877777,550.8750004472583,180.20602634670468,285.363281868213,0.09238888451912053,0.07961735244970747
1989,0.31475183638196724,0.0696,0.0839,0.17693647159446219,0.16312115752422615,0.04394284700519946,-0.028397318708104802,29808.58264496728,106.96,964.8146572115384,1429.7219259170236,4462.917157380232,1310.3485695606391,1931.2015503875966,0.23085183638196724,0.13781536478750506,-0.24515183638196725,0.1516306788577411,0.05240982169336883,0.04647300000000001,0.25636479525221123,0.02209994906700885,0.03576489789989812,0.12466969677618267,0.11146790937198214,-0.0024177909939392395,-0.0715453898075773,4089.5214749505762,28321.837579327363,132.365577626007,196.14748506777843,612.279885072404,179.77032583915005,264.94685463018214,0.2205998973523131,0.13169509847602856
1990,-0.03064451612903212,-0.2777,0.0775,0.06235375333553336,0.056477750205500804,-0.0068630142358537816,-0.031108881083793394,28895.113053319994,72.22999999999999,1039.5877931454324,1518.8704542240573,4714.972677782596,1301.3556286738137,1871.1240310077515,-0.10814451612903211,-0.09299826946456548,-0.24705548387096787,-0.08712226633453292,0.049979953137364364,0.061062599999999995,-0.08642950578884989,-0.3192673080740006,0.01549145168249244,0.0012168493503901257,-0.0043209983977376965,-0.06401659453066566,-0.08686714721995992,3736.0661549577094,19279.600735666445,134.4161125762255,196.3861670075638,609.6342246700391,168.26204178125954,241.9316772035568,-0.10192095747134233,-0.08764635513924002
1991,0.3023484313487976,0.4607,0.0554,0.15004510019517303,0.16400049125760602,-0.001684831253619734,-0.08557742102537547,37631.50515863746,146.07000000000002,1097.1809568856893,1746.769523711594,5488.230513205132,1299.1630640385501,1710.9980620155034,0.24694843134879757,0.15230333115362454,0.15835156865120242,0.13834794009119156,0.0513850639844049,0.0306428,0.2636273511528897,0.417270852714442,0.024021125456850534,0.11585226248625902,0.1293927355409712,-0.0313664746443868,-0.11276479205538092,4720.995379121172,27324.416174631966,137.64493887984113,219.1379487763944,688.5164646794944,162.9842547141149,214.65030193208818,0.23960622569603918,0.1477750886666307
1992,0.07493727972380064,0.2534,0.0351,0.09361637316207942,0.13682874000406886,0.008174674331522747,-0.057341073198357684,40451.507787137925,125.34,1135.692008472377,1910.2957512715263,6239.178179178875,1309.7832989906085,1612.8875968992243,0.03983727972380064,-0.018679093438278782,0.17846272027619936,-0.06189146028026822,0.050319857010869606,0.0290065,0.04463604430467716,0.2180681074414983,0.005921731301016919,0.06278859575919049,0.10478285608892546,-0.020244600659448886,-0.08391353523846312,4931.721938025801,33282.99989677782,138.46003522283246,232.89731285761363,760.6611863128617,159.68470356364975,196.63823625696315,0.03871431300366024,-0.018152551454513333
1993,0.0996705147919488,0.2556,0.030699999999999998,0.14210957589263107,0.1644459431669278,0.0215657041222026,0.17677981375788532,44483.33039239249,125.56,1170.5577531324789,2181.7670703142176,7265.185719440461,1338.0296980808423,1898.0135658914724,0.0689705147919488,-0.04243906110068227,0.1559294852080512,-0.06477542837497899,0.04897593793175847,0.027484099999999997,0.07025550545448711,0.22201404381829382,0.0031298781168487277,0.11155936709155023,0.13329826044697723,-0.005760085122287872,0.1453022132000732,5278.202555542786,40672.29329426532,138.89339825713452,258.8791896773318,862.0559992379002,158.76490607839582,225.21020718485877,0.06712562733763838,-0.04130386163706312
1994,0.013259206774573897,-0.047599999999999996,0.0437,-0.08036655550998592,-0.012313818260180243,0.02515586394070124,-0.02169751116783658,45073.144068086905,95.24000000000001,1221.7111269443683,2006.4259659479505,7175.723542864814,1371.6889911143815,1856.8313953488368,-0.030440793225426106,0.09362576228455982,-0.06085920677457389,0.02557302503475414,0.0497186361717199,0.026749000000000002,-0.013138355357956155,-0.07241205007260776,0.01650939031837395,-0.10432496696854432,-0.038045148580792554,-0.001551631469130843,-0.04718437628654759,5208.855654716793,37727.12915567319,141.1864435816069,231.87162676540063,829.2589506619307,158.51856145393097,214.58380402547706,-0.029647745676330106,0.09118661161058816
1995,0.3719519890260631,0.3212,0.056600000000000004,0.23480780112538907,0.20087516571052572,0.017920027972726515,0.009784735812133016,61838.18965587012,132.12,1290.8599767294195,2477.5504351330737,8617.148198630703,1396.2696962050322,1874.9999999999995,0.3153519890260631,0.137144187900674,-0.050751989026063093,0.17107682331553736,0.05079145111941363,0.0253841,0.33798835872924404,0.28849277066028245,0.030443128579817236,0.20423927104524942,0.17114666173439375,-0.007279293707863621,-0.015213191025555073,6969.388228312064,48611.13317485167,145.48460063728888,279.2289187920422,971.1838517810864,157.36465828695978,211.3192996238472,0.3075452301494268,0.13374908768399463
1996,0.2268096601886579,0.1479,0.051500000000000004,0.01428607793401844,0.05279603494002166,0.02425380000735955,-0.04586563307493541,75863.6884383998,114.78999999999999,1357.3392655309847,2512.944913734846,9072.099456008953,1430.1345421731257,1789.0019379844957,0.1753096601886579,0.21252358225463946,-0.07890966018865789,0.17401362524863623,0.05304503967737495,0.0332248,0.18735986610915445,0.11098765728426185,0.017687535181114766,-0.018329720759685197,0.01894189429059545,-0.008682524841293393,-0.076547168704173,8275.171873631329,54006.368963861714,148.05786462937135,274.11073068255524,989.5799136382572,155.9983357322416,195.1434055450929,0.16967233092803968,0.20568958686883965
1997,0.33103653103653097,0.2206,0.052000000000000005,0.09939130272977531,0.11297255528327496,0.04022038567493125,-0.21408259986459044,100977.34069068384,122.05999999999999,1427.920907338596,2762.7097823991153,10096.997713338293,1487.6551050263702,1406.007751937984,0.279036531036531,0.23164522830675566,-0.11043653103653098,0.218063975753256,0.05531558490330357,0.017023999999999997,0.3087562643915296,0.20016833427726377,0.03439053552325233,0.08098855359340118,0.0943424690894954,0.02280810057081384,-0.22723809847613274,10830.183028531592,64816.73387972123,153.14965388240464,296.3105622849657,1082.93932605226,159.55636146250214,150.79938913886917,0.27436572886827726,0.2277677107981284
1998,0.28337953278443584,-0.13470000000000001,0.049100000000000005,0.14921431922606215,0.08104446384419747,0.06442289977892424,-0.008270158511371362,129592.25231742462,86.53,1498.0318238889208,3174.945641798982,10915.30347945188,1583.494160763089,1394.37984496124,0.23427953278443583,0.13416521355837369,-0.4180795327844359,0.20233506894023837,0.056306048135548625,0.016119,0.2630208989148277,-0.1484265130363669,0.03245781251999014,0.13098398831835856,0.06389553176763485,0.0475376405508845,-0.024002265985943905,13678.747504108082,55196.21208354806,158.1205566356211,335.12250151390595,1152.1343101624532,167.14129442131357,147.17986209024016,0.23056308639483758,0.13203691059646916
1999,0.20885350992084475,0.3771,0.0478,-0.08254214796268576,0.009706033412973908,0.07679326720249358,0.00851285615010422,156658.0490724665,137.71,1569.6377450708114,2912.878808860126,11021.247779736192,1705.0958509641573,1406.2499999999995,0.16105350992084475,0.2913956578835305,0.16824649007915524,0.19914747650787085,0.05963469481832018,0.026845599999999997,0.17724953967845303,0.3410974347068343,0.0204065732959271,-0.10652794145749434,-0.01669147395385051,0.04864184761807788,-0.017853457082443236,16103.299202589027,74023.49843078067,161.3472553641987,299.42259129154354,1132.9034903330391,175.2713557952434,144.55219273901216,0.15684296638252593,0.28377748113594736
2000,-0.09031818955249278,-0.0913,0.06,0.16655267125397488,0.0937835962329473,0.09292559924453991,-0.05443583118001727,142508.97770141574,90.86999999999999,1663.8160097750601,3398.0265555148762,12054.860031494236,1863.5429046843803,1329.6996124031002,-0.15031818955249276,-0.25687086080646765,-0.0009818104475072253,-0.18410178578544006,0.055111895842923087,0.0338681,-0.12011811714907628,-0.12106776483383141,0.025275854821325883,0.12833800680567942,0.05795274680875351,0.057122856624108875,-0.08541121558931675,14169.001222485811,65061.63893058543,165.4254451666036,337.8498898504918,1198.558359467063,185.28335632264827,132.20581424107192,-0.14539397197040216,-0.2484561239547557
2001,-0.11849759142000185,0.3214,0.0348,0.055721811892492555,0.0859664074029726,0.06676042356055589,0.007469484423392236,125622.00708807123,132.14000000000001,1721.7168069152322,3587.37075204697,13091.173040147482,1987.9538183243783,1339.631782945736,-0.15329759142000185,-0.17421940331249441,0.43989759142000184,-0.20446399882297445,0.051665345512908356,0.0155172,-0.13196703258202003,0.30120888154331626,0.018988156970654924,0.039590281575233366,0.06937273677193523,0.050460222200624516,-0.007924745712438619,12299.160176503345,84658.78242424215,168.56656948636754,351.2254621198344,1281.705633044174,194.6327956527666,131.15811678150553,-0.15095518955267495,-0.1715573141572534
2002,-0.219660479579127,-0.0361,0.016399999999999998,0.15116400378109285,0.12056324507730691,0.0956098401619836,0.2556962025316456,98027.81676541301,96.39,1749.9529625486418,4129.65207797358,14669.487343736215,2178.021765143777,1682.1705426356584,-0.23606047957912699,-0.37082448336021984,0.183560479579127,-0.3402237246564339,0.045325449773477855,0.0237691,-0.23777781491854666,-0.05847910432147252,-0.007198009785605031,0.12443714484163748,0.09454685150910191,0.07017279595758819,0.22654239372105067,9374.692744401173,79708.01265512605,167.3532256696788,394.9309558217113,1402.886865209981,208.29072310876313,160.87099051313288,-0.23057980513294163,-0.36221495976018414
2003,0.2835580005001023,0.9123,0.0103,0.003753185881775853,0.1238264134705485,0.09813528796470417,0.1988767281105992,125824.38848080393,191.23000000000002,1767.9774780628927,4145.151429849277,16485.957348962675,2391.7625582595547,2016.7151162790694,0.27325800050010235,0.27980481461832646,0.6287419994998977,0.1597315870295538,0.048237796117156506,0.0187949,0.25987870620485265,0.8770215673439277,-0.008338184653260527,-0.014764222041378727,0.10309387441039242,0.07787670311728512,0.17675964819866996,11810.975765884168,149613.6588437943,165.95780357172623,389.1001074989456,1547.5159075039278,224.51171791438892,189.3064902016058,0.2682168908581132,0.2746429282462314
2004,0.10742775944096193,0.17300000000000001,0.013999999999999999,0.04490683702274547,0.1032945825904709,0.1363828431056595,0.046486486486486456,139341.42061832585,117.30000000000001,1792.7291627557731,4331.297069544118,18188.86743192808,2717.9579359886584,2110.465116279069,0.09342775944096193,0.06252092241821647,0.06557224055903808,0.004133176850491027,0.04842299846885445,0.0325556,0.07251150392381955,0.13601630749956706,-0.017970557711371682,0.011961813022703494,0.06850864262464018,0.10055365842348785,0.013491657482160191,12667.407381476216,169963.55627122716,162.97544928498803,393.7544502319618,1653.53412176706,247.08719250962284,191.8605485265558,0.09048206163519124,0.06054969090111606
2005,0.048344775232688535,0.0378,0.0322,0.028675329597779506,0.05132636680521878,0.13509629928406475,0.1776859504132231,146077.8502787223,103.78,1850.455041796509,4455.498440599193,19122.43591351072,3085.143994750481,2485.465116279069,0.016144775232688535,0.01966944563490903,-0.010544775232688534,-0.002981591572530244,0.04804218940225513,0.0341566,0.013719561653127155,0.0035230641084726955,-0.0018919765149687517,-0.005300232481444733,0.01660267584737052,0.09760581645377964,0.13878879698995594,12841.198658031657,170562.3487760747,162.66710356242436,391.66746010512895,1680.987212793325,271.2043396697968,218.48864324638953,0.015611538168095906,0.019019794134571888
2006,0.15612557979315703,0.184,0.048499999999999995,0.019610012417568386,0.05268414433251918,0.017328491793812573,0.23196881091617927,168884.33934842583,118.39999999999999,1940.2021113236397,4542.8708203458,20129.885087167466,3138.604887146245,3062.015503875968,0.10762557979315704,0.13651556737558865,0.02787442020684297,0.10344143546063785,0.04914903600480591,0.0254065,0.12748025275162322,0.15466402836338577,0.022521312279569328,-0.005652867991797872,0.02660178605511021,-0.007877859372051321,0.20144431590416034,14478.197908591337,196942.20872490323,166.33058019936675,389.4534156564719,1725.704474989429,269.0678300207881,262.5019385179866,0.1049589404720539,0.1331331207434211
2007,0.054847352464217694,-0.0911,0.044800000000000006,0.10209921930012807,0.04904921448220188,-0.05399254484825555,0.3192246835443038,178147.19823435548,90.89,2027.1231659109387,5006.694384484438,21117.24013831002,2969.143622016047,4039.486434108526,0.010047352464217688,-0.04725186683591037,-0.1459473524642177,0.005798137982015811,0.047948712238125024,0.0408127,0.013484320919813664,-0.1267400945434275,0.003830948642344456,0.05888333155439773,0.007913541487533537,-0.09108770948726475,0.26749479857836445,14673.426575531357,171981.73457151756,166.96778410976188,412.3857302555646,1739.36090894748,244.55905768748582,332.71984168828567,0.009653372277469208,-0.04539901063458407
2008,-0.3655234411179819,-0.4468,0.013999999999999999,0.20101279926977011,-0.034445066435111374,-0.11995200073845091,0.04317841079460272,113030.22131020659,55.32,2055.5028902336917,6013.104037797893,20389.85539881973,2612.9889040754115,4213.905038759689,-0.3795234411179819,-0.5665362403877521,-0.08127655888201807,-0.33107837468287055,0.0387958688686898,0.0009141,-0.3661028864694602,-0.44730521829995196,0.013073949103124871,0.19991595609430446,-0.03532687413946045,-0.12075571793668494,0.0422257122710159,9301.44275183164,95053.4072454005,169.15071242107445,494.82821779925376,1677.914725033995,215.02715309851433,346.7691739902732,-0.3791768355725851,-0.5660188425637647
2009,0.2593523387766398,0.4694,0.0015,-0.11116695313259162,0.19958466821865592,-0.03853970002097773,0.25035929864903705,142344.87355944986,146.94,2058.5861445690425,5344.6455830466175,24459.357923619536,2512.2850955542017,5268.895348837208,0.2578523387766398,0.37051929190923144,0.21004766122336016,0.059767670557983904,0.04286850613334847,0.0272133,0.22598912881739341,0.43047213271089846,-0.025032094113267456,-0.13471423426136686,0.16780484464001377,-0.06401104816397707,0.21723433550659532,11403.467696062931,135971.25018376563,164.91651586842386,428.16781334751045,1959.476944787516,201.26303964496245,422.09934507622114,0.25102122293066087,0.3607033630787603
2010,0.14821092278719414,0.2773,0.0014000000000000002,0.08462933880355772,0.09401929364596065,-0.04117546790303772,0.2924137931034483,163441.9386237224,127.72999999999999,2061.4681651714395,5796.959404879208,26759.00947863198,2408.8405812389296,6809.593023255812,0.14681092278719413,0.06358158398363642,0.12908907721280585,0.05419162914123349,0.04310851643347546,0.014957199999999999,0.13128999211710024,0.25847671212145684,-0.01335741053908479,0.06864539588817897,0.07789697304079501,-0.05530545317875246,0.27336777659535616,12900.628879986642,171116.6518743094,162.71365826129383,457.5595624013262,2112.1142675296887,190.13209602926457,537.4877045420637,0.14464740265618503,0.06264459622892127
2011,0.0209837473362805,-0.1404,0.0005,0.16035334999461354,0.12255951527540701,-0.03885483481006358,0.1202419067947349,166871.5629679545,85.96000000000001,2062.498899254025,6726.52126523437,30038.580709583137,2315.2454783711137,7628.391472868215,0.0204837473362805,-0.13936960265833304,-0.1613837473362805,-0.10157576793912651,0.04097042900424852,0.0296242,-0.008391850797329181,-0.1651322880717061,-0.028286242689323005,0.12696782961648867,0.09026139369626995,-0.06650876582938081,0.08801046711483163,12792.368727234078,142859.7676231351,158.1111002348473,515.6549069596929,2302.7566449626947,177.48664497780487,584.7922484872894,0.019894391891993823,-0.13535968041381785
2012,0.15890585241730293,0.18960000000000002,0.0009,0.02971571978018946,0.09399851852097942,0.06435980527070462,0.056843442362654706,193388.43092558492,118.96,2064.355148263354,6926.40468624756,32862.16279475683,2464.2542265129578,8062.015503875966,0.15800585241730292,0.12919013263711346,0.03069414758269709,0.06490733389632351,0.041988275684727405,0.0174102,0.1390743403371646,0.16924324131997093,-0.016227672968091134,0.012094944379552386,0.07527771838829556,0.04614619085861782,0.038758449996525224,14571.45896932393,167037.8177498923,155.54532500761113,521.8917243784136,2476.102911198973,185.6769775718064,607.4578896086396,0.15530201330525573,0.1269793959576122
2013,0.32145085858125483,0.503,0.0006,-0.09104568794347262,-0.011252505764346693,0.1071867983678767,-0.27614182692307687,255553.30808629587,150.3,2065.5937613523115,6295.785406613258,32492.381118479927,2728.38974741739,5835.755813953487,0.32085085858125484,0.41249654652472745,0.18154914141874517,0.33270336434560155,0.04617680941872315,0.0150174,0.30189970987813086,0.48076279283488144,-0.014204091476658576,-0.10449386182293308,-0.025881236877660196,0.09080573236269318,-0.28685146375133763,18970.578204663914,247343.38552037446,153.33594498243642,467.3572426446834,2412.018305220768,202.53751150310563,433.20770480710286,0.31610380135478944,0.40639357170106394
2014,0.13524421649462237,0.015300000000000001,0.0003,0.10746180452004755,0.10746402616714908,0.04503361982910703,0.001245330012453305,290115.4150110358,101.53000000000002,2066.213439480717,6972.341867278899,35984.14321322924,2851.259014048218,5843.023255813951,0.13494421649462238,0.027782411974574817,-0.11994421649462236,0.027780190327473295,0.04597502937583342,0.0075649,0.12672068716826312,0.007677024080533279,-0.007210354390074558,0.09914686837547393,0.09914907334222245,0.03718740086033856,-0.0062721220117401,21374.5429107382,249242.246647175,152.23033847837607,513.6942496655003,2651.167685067885,210.06935513262707,430.4905732261268,0.13393104155833768,0.027573818792789195
2015,0.013788916411676138,-0.09119999999999999,0.0005,0.012842996709792224,-0.015008531794429583,0.05194828601294654,-0.12106135986733002,294115.79221836175,90.88000000000001,2067.2465462004575,7061.887630939909,35444.07405571818,2999.377032806987,5135.65891472868,0.013288916411676137,0.0009459197018839138,-0.10498891641167613,0.02879744820610572,0.0454344573137655,0.007295199999999999,0.006446686544000491,-0.09778186176207326,-0.0067459866779867594,0.005507617538326626,-0.02214220001686651,0.04432969204355053,-0.12742695474705923,21512.33788890502,224870.87574025235,151.20339464301554,516.5234811242955,2592.464999906859,219.38166495344367,375.63447043260555,0.01319267322198725,0.0009390690056738649
2016,0.11773080874798171,0.1702,0.0032,0.006905504698747792,0.11524473910506201,0.05305509391722518,0.0810377358490566,328742.28230178286,117.02,2073.861735148299,7110.653529157394,39528.81712308992,3158.5092629757296,5551.841085271316,0.11453080874798172,0.11082530404923392,0.05246919125201828,0.002486069642919697,0.046176501247687796,0.0207462,0.09501344090037445,0.14641621982036268,-0.017189581504197582,-0.013559389494912866,0.09257789948673034,0.03165223041459786,0.05906613793816384,23556.299133541383,257795.61931383458,148.60427156708806,509.5197380604629,2832.469964091102,226.32558396128817,397.82174787750694,0.11220302240457203,0.10857283039528731
2017,0.2160548143449928,0.15130000000000002,0.0095,0.028017162707789457,0.09151286197305152,0.062069189927930646,0.12662535997905566,399768.63507184375,115.13,2093.563421632208,7309.873866042513,43146.212308433234,3354.5553743084984,6254.844961240307,0.2065548143449928,0.18803765163720335,-0.06475481434499278,0.12454195237194128,0.047686840373502015,0.0210908,0.1909370002599109,0.12751970735609408,-0.01135139010164421,0.006783297536114619,0.06896748259121654,0.040131974480556165,0.10335472612137497,28054.06822732491,290669.6412464178,146.91740650975936,512.9759620442502,3027.818287029699,235.40847652111955,438.93850567451335,0.2022883903615551,0.18415370272379628
2018,-0.04226869289088544,-0.16210000000000002,0.0197,-0.00016692385713402633,-0.03182724635549278,0.04517555505626647,-0.009295120061967421,382870.93740858353,83.78999999999999,2134.806621038362,7308.65367370163,41772.98717998634,3506.0992753098667,6196.705426356587,-0.06196869289088544,-0.042101769033751416,-0.11983130710911458,-0.01044144653539266,0.04660866909463257,0.0191016,-0.060219994641246166,-0.17780523551331873,0.0005871838489901471,-0.018907362972577002,-0.04997425806758882,0.025585236110184262,-0.027864464212368434,26364.65238901025,238987.05722802665,147.0036740379974,503.27693933367266,2876.505314571912,241.43145797525116,426.7077193917154,-0.06080717849023631,-0.041312631668669164
2019,0.31211679996808755,0.1192,0.021099999999999997,0.09635630741548393,0.15247765775278477,0.03685210789366988,0.19077404222048466,502371.3891933326,111.92,2179.8510407422714,8012.88855387813,48142.43442252777,3635.3064240895037,7378.875968992244,0.29101679996808755,0.21576049255260363,-0.19291679996808755,0.1596391422153028,0.04825368440680444,0.0228513,0.2828030819026066,0.09419619450060823,-0.0017121745849079106,0.07186284791883635,0.1267304032881269,0.01368801886810922,0.16417121650085864,33820.65733791327,261498.72855380585,146.75197808342145,539.4438534860658,3241.045993148051,244.7361763273715,496.7608447745603,0.2845152564875145,0.21094023398377026
2020,0.18023201827422478,0.34159999999999996,0.0036,0.1133189764661412,0.10601187472880443,0.10426620677957033,0.2416940249507551,592914.798590873,134.16,2187.698504488944,8920.900883340859,53246.10414966846,4014.34603541072,9162.306201550384,0.17663201827422478,0.06691304180808358,0.16136798172577518,0.07422014354542035,0.0484426634144246,0.0136201,0.16437313967454337,0.32357280602466343,-0.009885459059069568,0.09835921413371862,0.09115029854755674,0.0894280872879003,0.22500927610921995,39379.86497040295,346112.6059238426,145.30126741224032,592.5031269842201,3536.4683030298584,266.62246446648265,608.5366428566887,0.17425859873361293,0.06601392554082475
2021,0.2846885175196416,0.2241,0.0004,-0.04416034448604475,0.01016099565776583,0.1886462360360821,-0.037544286394162185,761710.8336171656,122.41,2188.5735838907394,8526.950827206665,53787.13758272619,4771.637305137321,8818.313953488368,0.28428851751964157,0.3288488620056863,-0.06058851751964159,0.27452752186187573,0.051322006296357525,0.07036400000000001,0.20023517001659386,0.14362964374736054,-0.06536467967906257,-0.1069956991136145,-0.05624535610524495,0.11050655294468248,-0.10081456999129479,47265.09892798209,395824.6362091547,135.8036966108774,529.1078406855407,3337.5583839710325,296.08599395228975,547.1872828831455,0.2655998496956564,0.30723086913020836
2022,-0.18037505927178585,-0.22899999999999998,0.0209,-0.1782817153825067,-0.15228134867768467,0.0565184302350592,0.005494203615185933,624317.1968555079,77.10000000000001,2234.3147717940556,7006.751406749976,45596.35973011647,5041.32275527473,8866.76356589147,-0.20127505927178585,-0.002093343889279148,-0.04862494072821413,-0.02809371059410118,0.05060942016976089,0.06454399999999999,-0.23006945628530695,-0.27574623500766515,-0.04099783569302917,-0.22810303320718228,-0.20367908576600358,-0.007538974213316396,-0.05546956855218199,36390.84331635001,286677.48305120156,130.23603897071868,408.4167373314663,2657.7675436331524,293.85380927895926,516.8350403843766,-0.18907162059227778,-0.0019664230781246683
2023,0.26060684985024096,0.0519,0.0528,0.0388,0.08735672201365843,0.05678404936325232,0.13262116824217252,787018.5348353545,105.19000000000001,2352.2865917447816,7278.613361331874,49579.50825189502,5327.589475466338,10042.684108527128,0.20780684985024095,0.22180684985024096,-0.20870684985024096,0.17325012783658253,0.052277478113130105,0.0335212,0.21972035972773551,0.017782702473834178,0.018653511896998376,0.005107587536665736,0.052089422078287706,0.022508342705744422,0.09588576242284375,44386.652500614095,291775.3834382487,132.66539847307692,410.5027615688262,2796.2091189994335,300.4679715235985,566.3921622784738,0.20106684783073714,0.21461277219106978
2024,0.24878611262526726,0.087,0.0518,-0.016371801436629807,0.01736355603778511,0.039634107131377494,0.25957034171004567,982817.816681076,108.7,2474.1350371971616,7159.449348646148,50440.38482175263,5538.74372748897,12649.46705426356,0.19698611262526727,0.26515791406189704,-0.16178611262526726,0.23142255658748215,0.05439470656534162,0.0288806,0.2137327816515029,0.05648799287303108,0.02227605418937828,-0.043982169978352914,-0.011193761416256387,0.010451657006048665,0.22421429824806283,53873.53520776898,308257.1892184344,135.62066007851865,392.44795933292284,2764.9090212513934,303.6083597032664,693.3853834769448,0.1914567274621246,0.2577149516298558
2025,0.17723658237597398,0.1653,0.0421,0.07795480870767396,0.06962732084784812,0.015757065938450054,0.6621579179194517,1157009.0876078464,116.53,2578.296122263162,7717.56285307214,53952.413679425736,5626.01807761919,21025.411821705417,0.13513658237597398,0.09928177366830002,-0.011936582375973975,0.10760926152812586,0.054831292889428784,0.027350799999999998,0.14589542576496184,0.1342766268347677,0.014356537221755339,0.04925679593345711,0.04115100786201564,-0.011285078146189176,0.6179068706808344,61733.4375643701,349648.9247842525,137.56770313297494,411.77868838028627,2878.6878141226675,300.1821156381787,1121.832975957014,0.1315388885432065,0.09663862983150473
