vintage,CAPE,realized,pred_l0.0,pred_l0.5,pred_l1.0
1881,15.958754206105079,0.040062415151856046,0.050727233330037064,0.0557334361901424,0.060739639050247735
1882,15.382128332081972,0.04364311941672394,0.04825719202882138,0.05158361913105057,0.05491004623327976
1883,14.89640394188716,0.02923940990828333,0.053446390674472155,0.05723100698261213,0.06101562329075211
1884,13.432292746944762,0.04653122588402625,0.05797836590117701,0.06515168286504992,0.07232499982892283
1885,16.304475952278523,0.02666350121343508,0.03651344217185751,0.03337862366198005,0.030243805152102593
1886,18.194057556886445,0.016061884033114815,0.026448616125550037,0.019118630725032823,0.01178864532451561
1887,15.455513454469948,0.034931714726375684,0.052608528690745227,0.053966922884250146,0.055325317077755065
1888,14.946748301089228,0.05482301472596385,0.06490407166661276,0.06772063226467855,0.07053719286274433
1889,16.61033807660339,0.05688413634089762,0.038764677765096525,0.03660683669025423,0.03444899561541194
1890,14.442991231338441,0.08664816514063522,0.04836546830948178,0.053428759114065236,0.05849204991864869
1891,18.20630300020994,0.08444457881024059,0.0297829135498843,0.023378699569080813,0.016974485588277327
1892,18.01300925127574,0.08350118624041825,0.0357298432413071,0.0306613142997835,0.0255927853582599
1893,15.612694335464935,0.08517397286603323,0.04898806426395928,0.05096011848572844,0.0529321727074976
1894,16.672466333767737,0.11242031383049533,0.044923589918867315,0.043684558044427405,0.042445526169987494
1895,16.548415156667968,0.12722783176619168,0.04399741500285721,0.04330780100367422,0.04261818700449123
1896,16.501404180590093,0.1327623191325913,0.04595612991394636,0.045530040022686666,0.04510395013142697
1897,18.7487576625255,0.07664278750158204,0.03538796435219309,0.02890828927670107,0.02242861420120905
1898,21.40363198544817,0.09412460569056225,0.03428044972510917,0.02180323445530434,0.00932601918549951
1899,18.51264964360019,0.10279435252375935,0.05509663574677995,0.050509504632959085,0.04592237351913822
1900,20.744051160870857,0.0750612623436242,0.05899346490072509,0.049044612519063266,0.039095760137401445
1901,21.680215141029684,0.0613668448932716,0.06540735176781252,0.05408445801800803,0.04276156426820353
1902,19.633232126823845,0.06432819022985514,0.07184156225686683,0.06599939740652166,0.0601572325561765
1903,16.042894140050144,0.0704774052516619,0.08622761948234452,0.09048945754413744,0.09475129560593036
1904,18.1596791187032,0.03799050520364067,0.08235498649261637,0.08026604633817076,0.07817710618372516
1905,19.57796080909611,0.051042883212195855,0.07644362968840301,0.07083935108093253,0.06523507247346205
1906,17.660003667768656,0.05280360842769527,0.0895690361583965,0.08922311724158803,0.08887719832477957
1907,11.333306235811172,0.059037652677945474,0.11367761181111478,0.13553581196561748,0.15739401212012016
1908,14.582482908962435,0.044359314860719534,0.09284462694957125,0.10126679051230365,0.10968895407503605
1909,14.750638489265029,0.0453032859196556,0.08550936139064207,0.0931070176320156,0.10070467387338915
1910,13.741478417781545,0.032401594133898426,0.09038854319888341,0.10123721483907129,0.11208588647925917
1911,13.92925841957824,0.041080801575209325,0.08297376207649328,0.09285993151429368,0.10274610095209409
1912,13.388999452579634,0.05810483919906684,0.08276762273227724,0.09437110573128006,0.10597458873028288
1913,11.174040870036798,0.07216596303387846,0.10015642241542692,0.12063529416392764,0.14111416591242837
1914,10.172217991997865,0.10104833767246202,0.093924039429308,0.11879061858028146,0.1436571977312549
1915,12.87844460218599,0.0955469151947177,0.08413750331862638,0.09632017956769093,0.10850285581675548
1916,11.413559188849495,0.10049167372775503,0.10248981885179538,0.12050803370410941,0.13852624855642343
1917,6.412593898119819,0.1680885554472078,0.1662841185078039,0.2143598250005898,0.26243553149337573
1918,6.134580411283432,0.17867606523839674,0.15318273347484096,0.2028191260950774,0.25245551871531385
1919,6.160717033799178,0.15222089392565796,0.1442476644467502,0.1928191793627324,0.24139069427871462
1920,4.784241045083249,0.1441994202942687,0.1710103599535719,0.2326965913062911,0.29438282265901033
1921,6.114158849417271,0.06876275539620713,0.14899855766148604,0.19620436946316963,0.24341018126485323
1922,7.964679864940001,0.03115311764782769,0.13412274927057954,0.16641060273001496,0.19869845618945037
1923,7.809739144938741,0.07325951612449222,0.13733045659032325,0.17007669673202316,0.20282293687372308
1924,9.310639680416374,0.04564113790110791,0.12842543813726512,0.15137285890173943,0.17432027966621375
1925,11.147365239137258,0.059273656747173,0.12397544863681298,0.13723991718546802,0.15050438573412306
1926,13.009052728993128,0.07794353305453772,0.11331044534016882,0.11849925542833245,0.12368806551649608
1927,18.64662402140253,0.0060182462524538405,0.08670616711118842,0.07413359805778916,0.061561029004389894
1928,25.30159102742615,-0.006002637853612325,0.05929525740385187,0.032568481492937104,0.005841705582022336
1929,22.00737317641834,0.00026676581789764064,0.054946127462771055,0.035731487560467845,0.016516847658164635
1930,16.05500185653132,0.017718156706545196,0.06371241225943397,0.060340355407628665,0.05696829855582336
1931,9.306032867968316,0.062140055132689165,0.09933105492828136,0.1237719016705671,0.14821274841285287
1932,8.257073999100678,0.0917991905078126,0.06716527139475874,0.09744235104989966,0.1277194307050406
1933,12.281801622601112,0.07066743847349444,0.03644597711688559,0.04583676547569661,0.05522755383450763
1934,11.639337566475884,0.09348481684553023,0.04237445032813855,0.054342720930504046,0.06631099153286954
1935,16.159192714615333,0.08669648861673362,0.02936516149725979,0.0247090739243018,0.02005298635134381
1936,21.12566354815545,0.04399198104066593,0.03802608646681857,0.020536265875589238,0.0030464452843599055
1937,13.008483033706135,0.0896969995236363,0.07341474849855661,0.08011704243130086,0.0868193363640451
1938,15.756484438994002,0.07493908518670822,0.039385727063029716,0.036415721910023444,0.03344571675701717
1939,16.28041290128384,0.08928119305599735,0.04874648465497669,0.04419407069064038,0.03964165672630407
1940,13.908426122353838,0.1277996627487732,0.06945086793331913,0.0727522173393569,0.07605356674539467
1941,10.086593309917903,0.16809608174936486,0.10605000482113194,0.12563267723347651,0.14521534964582108
1942,9.617514103283177,0.16885339973976032,0.10677206457328624,0.12851726650871687,0.15026246844414748
1943,10.737360316041075,0.14236773558123872,0.10014634396238944,0.115971315770425,0.13179628757846054
1944,11.638683593355132,0.1666045450852256,0.09665629982117806,0.10815883111136636,0.11966136240155466
1945,15.020347474739957,0.16388516950584542,0.08514606571666808,0.08369619827177557,0.08224633082688307
1946,11.372779425862703,0.18223914674459563,0.10975968339289417,0.12234435217742996,0.13492902096196574
1947,10.680912531969186,0.16517093211866163,0.12463690191428184,0.14026861892060444,0.15590033592692704
1948,10.159652938900914,0.19514863439000396,0.13604209823809435,0.15405651741658802,0.17207093659508169
1949,10.529330904131143,0.1925033824309399,0.14153021303418478,0.1574597199614397,0.17338922688869463
1950,11.30666578889076,0.16303483417522258,0.15237217460719754,0.1644758301368202,0.17657948566644288
1951,12.147072568106775,0.16602433326275,0.13432531259587724,0.14265304663550085,0.15098078067512447
1952,12.933964306161371,0.1352905112044771,0.11994443252118234,0.12499965905824481,0.13005488559530728
1953,11.754449184027292,0.1571323315622204,0.12192562181364675,0.1317211514087755,0.14151668100390424
1954,15.789062002327086,0.1298002243298968,0.10441749063238774,0.099361024133903,0.09430455763541827
1955,18.94236903581358,0.10946840071382735,0.09460378473110177,0.08076471992247077,0.06692565511383976
1956,17.19752272556093,0.0931445057211524,0.08175850445062212,0.07281840514579725,0.06387830584097239
1957,13.67324605795139,0.12550100986218315,0.0829378695789527,0.0854461058836407,0.08795434218832869
1958,17.358357365369958,0.10553699488783819,0.07004532108185223,0.06073759197912586,0.05142986287639949
1959,18.62472897790011,0.07776881198348295,0.07220345893630487,0.059623080039524656,0.04704270114274445
1960,17.562090833957136,0.0811016726360676,0.07104938370473352,0.06146735469552467,0.05188532568631582
1961,22.041480198382256,0.06659263212204714,0.05963976378779029,0.039286021936929094,0.0189322800860679
1962,18.585836118439865,0.09908794286860201,0.06606631420603723,0.054136615221994505,0.04220691623795178
1963,21.038599376737046,0.05757453040042915,0.06369971800428034,0.04598203206443788,0.028264346124595413
1964,22.752984772787265,0.010455049086439017,0.06447346637117804,0.04329791197136526,0.02212235757155248
1965,23.69411154910632,0.031304188038792535,0.06590583353662008,0.04311568505505883,0.020325536573497588
1966,19.736473752791966,0.06166207019832726,0.07200920400652497,0.058265037872971576,0.04452087173941818
1967,21.75159780872363,0.03490616951540937,0.067500290376543,0.04929835516146426,0.031096419946385526
1968,22.27787299543487,0.028076635514147297,0.06860840327623133,0.04949104947534419,0.030373695674457052
1969,17.326929913742678,0.058429542262945944,0.07886164295778783,0.07214280652653357,0.06542397009527931
1970,15.873840687205737,0.08387965269488307,0.08322807787357749,0.0808506553172365,0.0784732327608955
1971,16.60355721292533,0.06739155494073268,0.08193878672970743,0.07739211785585741,0.07284544898200739
1972,18.645719442073673,0.0650266649255149,0.0798823105400525,0.06971337780239688,0.059544445064741255
1973,13.493329686205893,0.10771842775991902,0.09570376805433646,0.10167055914281899,0.10763735023130151
1974,8.289060055923082,0.147006795552576,0.12488248194603759,0.15595454337825954,0.1870266048104815
1975,10.250368416256839,0.14132720728857606,0.11775981052810124,0.1374943283440747,0.15722884616004817
1976,11.597589726582944,0.1428090201979384,0.11638145012523188,0.12961158497126596,0.14284171981730004
1977,9.678266582535928,0.1501553031410372,0.13117892694483196,0.15361285007150421,0.17604677319817646
1978,9.011941819133831,0.16135848539993258,0.13843667077459043,0.16440876657118653,0.19038086236778262
1979,8.745204404669296,0.17269199845267114,0.14501903923892995,0.17235865045254178,0.19969826166615362
1980,9.389902084921744,0.13941103473808125,0.1456124700398728,0.16900101720016894,0.1923895643604651
1981,7.832562137141898,0.16530688258613857,0.15880115243736775,0.19154065820013083,0.2242801639628939
1982,8.467738401400483,0.1616393575720525,0.15497368623371993,0.1833143500052466,0.21165501377677326
1983,9.815010903608671,0.14853495695024344,0.14380140786060122,0.16422437117024677,0.18464733447989232
1984,9.595054801133458,0.14376927987818067,0.13808736361674023,0.15951227196953854,0.18093718032233685
1985,11.690521474467593,0.14977453522258877,0.12722960473403921,0.13832541264933562,0.14942122056463203
1986,14.085139814743307,0.14925815144725352,0.11851940822428055,0.12014143027167846,0.12176345231907638
1987,13.389028514426967,0.18153172429622577,0.11948201328318882,0.12370040794730448,0.12791880261142013
1988,14.702086748571997,0.18802896596553764,0.1136131011014024,0.11313244256489831,0.11265178402839422
1989,17.650212904947328,0.17988771163017137,0.10170090785688508,0.09223741337391779,0.0827739188909505
1990,15.846314974728765,0.1757081055557903,0.10060301383644747,0.09651463871741377,0.09242626359838006
1991,18.441652313512723,0.13678978000775865,0.08946923626100368,0.0780159542212664,0.06656267218152913
1992,20.44860672124296,0.09553868900137363,0.08557453897232417,0.06924801287440788,0.05292148677649158
1993,21.164732079814637,0.10721920265471052,0.08308469158681109,0.06527254581998881,0.04746040005316654
1994,19.91148410809033,0.12014114477311533,0.08374116855506554,0.06904728897937963,0.05435340940369372
1995,25.027380664939106,0.09175705901724895,0.07598210866899732,0.050537754901035764,0.025093401133074206
1996,27.723946163893967,0.0832510032558249,0.07584494659690287,0.04587125556510922,0.015897564533315575
1997,33.03078904290541,0.06024390419245096,0.06915920701276146,0.031446354710104485,-0.006266497592552489
1998,38.820274780098146,-0.013922751377415166,0.06385154479278227,0.01926488176778024,-0.025321781257221787
1999,44.19793976104056,-0.007256688250025678,0.059970096461597754,0.0101728690236624,-0.039624358414272955
2000,37.2742380044972,0.011830000955471931,0.057843572178940914,0.016424719471546265,-0.024994133235848384
2001,30.49995325502044,0.02794695707533945,0.057849913496650515,0.026123556988287597,-0.005602799520075322
2002,23.101442537685635,0.06784147037752875,0.061451232546417975,0.043168042966076944,0.024884853385735914
2003,26.635170511081522,0.07417791676424734,0.05880192780917884,0.03390898507874732,0.009016042348315795
2004,27.144808694741226,0.07704478849220942,0.05949776165301651,0.033954150670654215,0.008410539688291918
2005,26.443803114292404,0.07185701078503448,0.0617660413892666,0.037700490689485874,0.01363493998970515
2006,27.282689787571684,0.06945492709466561,0.060947079432449064,0.035626230966470024,0.010305382500490984
2007,25.955510105240226,0.08330470775264587,0.06449926391527278,0.04179647395568281,0.019093683996092847
2008,15.376080747423767,0.13654226731173313,0.07655711457229421,0.07961746335988319,0.08267781214747218
2009,20.322376500216528,0.1331070346626213,0.0644250329449079,0.053661896457663866,0.042898759970419836
2010,22.396379773044195,0.13748499334020003,0.06065988246550613,0.045265099172540735,0.029870315879575338
2011,20.523575499431693,0.16372542473148122,0.06502219667594132,0.054000019974720634,0.04297784327349995
2012,21.23826113984561,0.12734304334961632,0.06509791314751324,0.05251554647598196,0.03993317980445067
2013,24.861869296461936,0.12016866064348486,0.062101167547197106,0.04204911568644651,0.02199706382569591
2014,26.794085482572562,0.13316194098605805,0.05943981723741412,0.036001454483475276,0.01256309172953643
2015,25.96542403712418,0.14723896572200768,0.058680478873500155,0.036947037074903225,0.015213595276306294
