,vol_short_15y,vol_blended
US_LargeCap,0.1433282188428765,0.1332874385421057
US_SmallCap,0.19239368145682884,0.19239368145682884
Mexico_Eq,0.21869408996992876,0.21869408996992876
Brazil_Eq,0.30917747686757313,0.30917747686757313
China_Eq,0.2275706761663479,0.2275706761663479
Japan_Eq,0.13638845593044288,0.16437026613844244
UK_Eq,0.15114917306036701,0.16088368308021705
France_Eq,0.17586766572764637,0.17298913592270734
EM_Eq,0.16760183578798696,0.18679027243204413
DM_exUS_Eq,0.14402400697333234,0.1538111595653879
US_Cash_TBill,0.03714204325023161,0.033920041078665183
US_Treas_Interm,0.071184978848402,0.0752068281114524
US_Treas_Long,0.13178744584394841,0.151309052461821
US_TIPS,0.05987670178607433,0.05987670178607433
US_IG_Corp,0.082027095561333,0.07931466639184298
US_HighYield,0.07704966030068396,0.07704966030068396
EM_USD_Sov,0.09700918472569116,0.09700918472569116
EM_Local_Debt,0.10874032843148793,0.10874032843148793
Global_Agg_exUS,0.053610289259360046,0.053610289259360046
US_REITs,0.16908968196798732,0.16908968196798732
Global_REITs_exUS,0.15519070165498294,0.15519070165498294
Commodities,0.16991996189857672,0.16991996189857672
Gold,0.15619479906824654,0.18794641224454164
Mexico_Govt_Local,0.14651385539928508,0.14651385539928508
