asset,class,ER_lambda0.0,ER_lambda0.5,ER_lambda1.0,vol,sharpe_base,lambda_spread
US_LargeCap,Equity,0.07800000000000001,0.05987988933867566,0.04175977867735131,0.14123354140988173,0.1903222780533842,0.0362402213226487
US_SmallCap,Equity,0.067,0.06475226661200523,0.06250453322401045,0.1934732443861001,0.16411709387908746,0.004495466775989554
Mexico_Eq,Equity,0.07400000000000001,0.07999822871878676,0.0859964574375735,0.23124238022190988,0.20324228056157045,-0.011996457437573493
Brazil_Eq,Equity,0.089,0.0879281298792364,0.0868562597584728,0.3231282592899818,0.16998862928278516,0.0021437402415271922
China_Eq,Equity,0.08099999999999999,0.07415090796349386,0.06730181592698772,0.23256904823319896,0.1769406044188283,0.013698184073012265
Japan_Eq,Equity,0.07100000000000001,0.06429047252513992,0.05758094505027983,0.13847162999500143,0.22597027655606744,0.013419054949720177
UK_Eq,Equity,0.07999999999999999,0.07038147481294918,0.06076294962589837,0.15565365704436937,0.24015802469898614,0.019237050374101616
France_Eq,Equity,0.074,0.07197120367553354,0.06994240735106709,0.1836002514899442,0.21226116717856458,0.004057592648932906
EM_Eq,Equity,0.08,0.08,0.08,0.1798917840802528,0.26126818542770414,0.0
DM_exUS_Eq,Equity,0.07500000000000001,0.07725788362883229,0.07951576725766457,0.14815090837967781,0.29873514859192885,-0.00451576725766456
US_Cash_TBill,Fixed Income,0.033,0.033,0.033,0.005535776741470533,0.0,0.0
US_Treas_Interm,Fixed Income,0.045,0.045,0.045,0.06194277860065431,0.19372718291124963,0.0
US_Treas_Long,Fixed Income,0.048,0.048,0.048,0.1332407805814298,0.11257814562886612,0.0
US_TIPS,Fixed Income,0.045,0.045,0.045,0.0498549759445849,0.24069814040905985,0.0
US_IG_Corp,Fixed Income,0.05,0.05,0.05,0.07461802691755408,0.2278269836695549,0.0
US_HighYield,Fixed Income,0.05,0.05,0.05,0.07429147916934893,0.22882839580092565,0.0
EM_USD_Sov,Fixed Income,0.06,0.06,0.06,0.09442020895665866,0.2859557323410892,0.0
EM_Local_Debt,Fixed Income,0.048,0.048,0.048,0.1136874267922714,0.1319407116796465,0.0
Global_Agg_exUS,Fixed Income,0.038,0.038,0.038,0.040426993145736966,0.12367973996916584,0.0
Mexico_Govt_Local,Fixed Income,0.063,0.063,0.063,0.15264299860975172,0.19653701953732075,0.0
US_REITs,Real Asset,0.063,0.063,0.063,0.17267298900711273,0.17373881214718673,0.0
Global_REITs_exUS,Real Asset,0.064,0.064,0.064,0.16737816011083373,0.18520934857613774,0.0
Commodities,Real Asset,0.035,0.035,0.035,0.1751211181701238,0.011420667141110157,0.0
Gold,Real Asset,0.033,0.033,0.033,0.16357637261217564,0.0,0.0
