,US_LargeCap,US_SmallCap,Mexico_Eq,Brazil_Eq,China_Eq,Japan_Eq,UK_Eq,France_Eq,EM_Eq,DM_exUS_Eq,US_Cash_TBill,US_Treas_Interm,US_Treas_Long,US_TIPS,US_IG_Corp,US_HighYield,EM_USD_Sov,EM_Local_Debt,Global_Agg_exUS,US_REITs,Global_REITs_exUS,Commodities,Gold,Mexico_Govt_Local
US_LargeCap,1.0,0.867101836135596,0.6061109377777502,0.47526293335676817,0.4059776801161006,0.7000170905786974,0.7612927712430128,0.7697842359259769,0.6973373445940898,0.8348569758024605,-0.0020410068768407946,0.051121934160682024,0.00896415687706354,0.4122726526317919,0.5218955463155569,0.7811833794182788,0.661685967839688,0.5596467483306002,0.4257427381665329,0.7220788896834871,0.6895889787546345,0.3949905961891998,0.13761206174178484,0.37285841676531045
US_SmallCap,0.867101836135596,1.0,0.5815607768720373,0.4624857503341142,0.38451630265033865,0.6548837417189489,0.7061758996738251,0.6922952140351423,0.6501711676077908,0.7576053784326623,-0.053326730611763684,-0.01769437130796969,-0.057570873449396626,0.3280989317814875,0.4440713971048689,0.7349164037923613,0.5821839913372421,0.4853714496639278,0.3547137680734571,0.7073175069075992,0.6562545665057553,0.39240719787048356,0.07058389846624719,0.3559490464847104
Mexico_Eq,0.6061109377777502,0.5815607768720373,1.0,0.6561516690021046,0.324267442207713,0.5665719846818502,0.6984317899080118,0.7280728160541403,0.6534593347355241,0.7418984862615452,-0.011012907380834673,0.022157607723568545,-0.046031225480029796,0.308001829534563,0.43983663832720127,0.6439317176004119,0.6433408973163001,0.6978973877557224,0.3250328878969199,0.5411631509052963,0.704058386273996,0.42365554458009025,0.281585212499521,0.6871475101906042
Brazil_Eq,0.47526293335676817,0.4624857503341142,0.6561516690021046,1.0,0.3479911321601671,0.4081494232426852,0.6039633359388351,0.5765188993823145,0.6668440174177293,0.5986963870908976,0.024531691102297068,-0.04180420469846422,-0.10446824868132515,0.28396589561680075,0.3649576804153509,0.5829959378638556,0.5928283786692267,0.7629906044028202,0.17961737333387645,0.4361657645894744,0.6364074939421741,0.5070256501976134,0.3327011322423837,0.509166333111245
China_Eq,0.4059776801161006,0.38451630265033865,0.324267442207713,0.3479911321601671,1.0,0.426332766898169,0.5168768943018485,0.48358703655953356,0.7532987368457289,0.5471054622056328,0.025176609993306814,0.05885410073963197,0.011698071215758941,0.2230368190828427,0.33067232899515636,0.39960269345261784,0.4616907620555918,0.5492518816029175,0.11539035914663112,0.3107799686137528,0.6070436191257966,0.34174392997098935,0.2925990576252856,0.3596946719930457
Japan_Eq,0.7000170905786974,0.6548837417189489,0.5665719846818502,0.4081494232426852,0.426332766898169,1.0,0.6813478933399987,0.6971824546234406,0.6878683615355384,0.8329310169760612,0.057856614775093296,0.13577584047752023,0.04645845737101699,0.33626041111322647,0.43229160513283815,0.595683571612644,0.5830905843069127,0.5811812716528213,0.37955287765830537,0.5076953289279909,0.7044884008305025,0.26573257849106463,0.13350288571980454,0.44827278930130987
UK_Eq,0.7612927712430128,0.7061758996738251,0.6984317899080118,0.6039633359388351,0.5168768943018485,0.6813478933399987,1.0,0.9020493929608119,0.7471395562499461,0.9333768101916268,0.028584124125372024,0.005497686083478166,-0.08421560659675968,0.36537056042100446,0.4634090892198341,0.7518950340044995,0.6850551978180478,0.6941195073134142,0.2883332871963786,0.6353025742414627,0.8332472339974041,0.5685290352798743,0.2611895107564163,0.4752983854859154
France_Eq,0.7697842359259769,0.6922952140351423,0.7280728160541403,0.5765188993823145,0.48358703655953356,0.6971824546234406,0.9020493929608119,1.0,0.7397818258874775,0.9476145519362543,-0.009339091371408476,0.06270214618840723,-0.036382347417071983,0.3753081812991393,0.5058607531311454,0.7366499056663208,0.7008740733519305,0.7083367567673103,0.3672148159705979,0.6185359408240572,0.8067974283583483,0.45593703461137924,0.24615074523809388,0.5106525201585289
EM_Eq,0.6973373445940898,0.6501711676077908,0.6534593347355241,0.6668440174177293,0.7532987368457289,0.6878683615355384,0.7471395562499461,0.7397818258874775,1.0,0.8214687017974776,0.05784207699290488,0.09146509151746401,0.016957611678086293,0.4022549938551586,0.5062197198607886,0.6740860885803212,0.7217827225069954,0.8155044396693849,0.35043824676189866,0.5576097662662863,0.8245847514464916,0.46213062081975476,0.39026418626834447,0.5119963291184869
DM_exUS_Eq,0.8348569758024605,0.7576053784326623,0.7418984862615452,0.5986963870908976,0.5471054622056328,0.8329310169760612,0.9333768101916268,0.9476145519362543,0.8214687017974776,1.0,0.03439512733802224,0.11285459372901568,0.009992262259833573,0.4374048398443022,0.5554299807316395,0.7829235970063222,0.7531054760462506,0.7620151755065732,0.4109052293944466,0.6829996629769136,0.8735576295889804,0.4553499931317907,0.2777950432715138,0.5367579605016877
US_Cash_TBill,-0.0020410068768407946,-0.053326730611763684,-0.011012907380834673,0.024531691102297068,0.025176609993306814,0.057856614775093296,0.028584124125372024,-0.009339091371408476,0.05784207699290488,0.03439512733802224,1.0,0.04521653691046131,-0.007118113677513255,0.00037645122042534365,0.014532450142981348,0.005746966504660153,0.04514015553126206,0.0887766075578455,0.04453924969795828,-0.06846143490609263,-0.029693668963675614,0.009601001208605317,0.20688555355819724,0.08350178617724888
US_Treas_Interm,0.051121934160682024,-0.01769437130796969,0.022157607723568545,-0.04180420469846422,0.05885410073963197,0.13577584047752023,0.005497686083478166,0.06270214618840723,0.09146509151746401,0.11285459372901568,0.04521653691046131,1.0,0.9216613761606315,0.7761173304840338,0.7428598157739054,0.2338214017105885,0.42550502135596163,0.23382117646584896,0.7729203534656672,0.3541604814099077,0.2445930211375138,-0.3244211803478807,0.3136057317782592,0.11397321998884449
US_Treas_Long,0.00896415687706354,-0.057570873449396626,-0.046031225480029796,-0.10446824868132515,0.011698071215758941,0.04645845737101699,-0.08421560659675968,-0.036382347417071983,0.016957611678086293,0.009992262259833573,-0.007118113677513255,0.9216613761606315,1.0,0.681192629934312,0.70162041791886,0.1307441318381124,0.3603788940771162,0.112861921943978,0.7413682667360013,0.32556285503811416,0.14930465427681508,-0.3884866350397788,0.22019549822602005,0.020586101174692943
US_TIPS,0.4122726526317919,0.3280989317814875,0.308001829534563,0.28396589561680075,0.2230368190828427,0.33626041111322647,0.36537056042100446,0.3753081812991393,0.4022549938551586,0.4374048398443022,0.00037645122042534365,0.7761173304840338,0.681192629934312,1.0,0.7992287543335657,0.5631921431126369,0.6567822577672746,0.47106063003155146,0.7643642524975968,0.6130092792931554,0.534714994651989,0.060296867731129085,0.43269689820426094,0.25920391292081685
US_IG_Corp,0.5218955463155569,0.4440713971048689,0.43983663832720127,0.3649576804153509,0.33067232899515636,0.43229160513283815,0.4634090892198341,0.5058607531311454,0.5062197198607886,0.5554299807316395,0.014532450142981348,0.7428598157739054,0.70162041791886,0.7992287543335657,1.0,0.7079520512888537,0.8268278240793501,0.5911464694825911,0.8441782396707741,0.6717742433707136,0.6188910341435719,0.04394586067825005,0.32321492301872323,0.3675605194836887
US_HighYield,0.7811833794182788,0.7349164037923613,0.6439317176004119,0.5829959378638556,0.39960269345261784,0.595683571612644,0.7518950340044995,0.7366499056663208,0.6740860885803212,0.7829235970063222,0.005746966504660153,0.2338214017105885,0.1307441318381124,0.5631921431126369,0.7079520512888537,1.0,0.8168034032276807,0.6811088622144532,0.5963012105005979,0.7176646015450691,0.7297485516915619,0.42626719652353834,0.26393901175538736,0.4563108099894376
EM_USD_Sov,0.661685967839688,0.5821839913372421,0.6433408973163001,0.5928283786692267,0.4616907620555918,0.5830905843069127,0.6850551978180478,0.7008740733519305,0.7217827225069954,0.7531054760462506,0.04514015553126206,0.42550502135596163,0.3603788940771162,0.6567822577672746,0.8268278240793501,0.8168034032276807,1.0,0.8134851516181076,0.6760002573188855,0.7153331379057315,0.7960054766428091,0.29874220189405587,0.3522161946034697,0.5382424834425237
EM_Local_Debt,0.5596467483306002,0.4853714496639278,0.6978973877557224,0.7629906044028202,0.5492518816029175,0.5811812716528213,0.6941195073134142,0.7083367567673103,0.8155044396693849,0.7620151755065732,0.0887766075578455,0.23382117646584896,0.112861921943978,0.47106063003155146,0.5911464694825911,0.6811088622144532,0.8134851516181076,1.0,0.4211127625624704,0.56093941679256,0.8015011394824436,0.37609006190676636,0.456373800912394,0.643718889282127
Global_Agg_exUS,0.4257427381665329,0.3547137680734571,0.3250328878969199,0.17961737333387645,0.11539035914663112,0.37955287765830537,0.2883332871963786,0.3672148159705979,0.35043824676189866,0.4109052293944466,0.04453924969795828,0.7729203534656672,0.7413682667360013,0.7643642524975968,0.8441782396707741,0.5963012105005979,0.6760002573188855,0.4211127625624704,1.0,0.6001545092520953,0.4989900167561731,-0.2128319957559567,0.3198513575161759,0.235744578916599
US_REITs,0.7220788896834871,0.7073175069075992,0.5411631509052963,0.4361657645894744,0.3107799686137528,0.5076953289279909,0.6353025742414627,0.6185359408240572,0.5576097662662863,0.6829996629769136,-0.06846143490609263,0.3541604814099077,0.32556285503811416,0.6130092792931554,0.6717742433707136,0.7176646015450691,0.7153331379057315,0.56093941679256,0.6001545092520953,1.0,0.7571649258014377,0.2371176088313321,0.20935335510485417,0.29549542472726437
Global_REITs_exUS,0.6895889787546345,0.6562545665057553,0.704058386273996,0.6364074939421741,0.6070436191257966,0.7044884008305025,0.8332472339974041,0.8067974283583483,0.8245847514464916,0.8735576295889804,-0.029693668963675614,0.2445930211375138,0.14930465427681508,0.534714994651989,0.6188910341435719,0.7297485516915619,0.7960054766428091,0.8015011394824436,0.4989900167561731,0.7571649258014377,1.0,0.4017117153201292,0.35660617231673336,0.5373213418325571
Commodities,0.3949905961891998,0.39240719787048356,0.42365554458009025,0.5070256501976134,0.34174392997098935,0.26573257849106463,0.5685290352798743,0.45593703461137924,0.46213062081975476,0.4553499931317907,0.009601001208605317,-0.3244211803478807,-0.3884866350397788,0.060296867731129085,0.04394586067825005,0.42626719652353834,0.29874220189405587,0.37609006190676636,-0.2128319957559567,0.2371176088313321,0.4017117153201292,1.0,0.2359098284713545,0.3319916573620414
Gold,0.13761206174178484,0.07058389846624719,0.281585212499521,0.3327011322423837,0.2925990576252856,0.13350288571980454,0.2611895107564163,0.24615074523809388,0.39026418626834447,0.2777950432715138,0.20688555355819724,0.3136057317782592,0.22019549822602005,0.43269689820426094,0.32321492301872323,0.26393901175538736,0.3522161946034697,0.456373800912394,0.3198513575161759,0.20935335510485417,0.35660617231673336,0.2359098284713545,1.0,0.2859421443719427
Mexico_Govt_Local,0.37285841676531045,0.3559490464847104,0.6871475101906042,0.509166333111245,0.3596946719930457,0.44827278930130987,0.4752983854859154,0.5106525201585289,0.5119963291184869,0.5367579605016877,0.08350178617724888,0.11397321998884449,0.020586101174692943,0.25920391292081685,0.3675605194836887,0.4563108099894376,0.5382424834425237,0.643718889282127,0.235744578916599,0.29549542472726437,0.5373213418325571,0.3319916573620414,0.2859421443719427,1.0
