,annual_vol
US_LargeCap,0.13961969396594884
US_SmallCap,0.19094991945447065
Mexico_Eq,0.22679360227416917
Brazil_Eq,0.3176615432202424
China_Eq,0.22604886976119698
Japan_Eq,0.1379247549317545
UK_Eq,0.15338940190942935
France_Eq,0.1786191353513795
EM_Eq,0.17217126244043454
DM_exUS_Eq,0.14506986027735674
US_Cash_TBill,0.005529536832434449
US_Treas_Interm,0.06196148770888351
US_Treas_Long,0.12981472709216843
US_TIPS,0.05001745972982801
US_IG_Corp,0.07490411939124192
US_HighYield,0.07295549070443788
EM_USD_Sov,0.09382139079423964
EM_Local_Debt,0.10966150444466573
Global_Agg_exUS,0.04033596497456553
US_REITs,0.17021304266227838
Global_REITs_exUS,0.16191923182052287
Commodities,0.17006509023001037
Gold,0.16131503469714636
Mexico_Govt_Local,0.15044430534831094
