asset,ER_point,p5,p25,p50,p75,p95,P_loss_12y,P_below_infl
US_LargeCap,0.0598798893386756,-0.009095974484696706,0.026198002307886492,0.05155181044590973,0.0775159921202519,0.11637536746073304,0.082324,0.230924
US_SmallCap,0.0647522666120052,-0.03777585703579021,0.011727386057843958,0.04797064576578358,0.08501493377906283,0.1407387934787565,0.184348,0.328452
Mexico_Eq,0.0799982287187867,-0.037923466480118476,0.017804987207428125,0.05846768390278123,0.1007155117015005,0.16409036352150558,0.163008,0.284188
Brazil_Eq,0.0879281298792364,-0.08336857277257256,-0.00904824910352739,0.046355857648105125,0.10471751982944538,0.19476392780942142,0.2876,0.394484
China_Eq,0.0741509079634938,-0.04882361239250905,0.00869130160899162,0.050852926124983044,0.09461487294911175,0.16068642720777676,0.206392,0.335084
Japan_Eq,0.0642904725251399,-0.021961200152728923,0.020650769537044256,0.05162037182258428,0.08376217045705325,0.13158583407409566,0.127188,0.273776
UK_Eq,0.0703814748129491,-0.014011777574673614,0.02811780851564949,0.05838558826045781,0.0898559500807935,0.1366453092371125,0.093524,0.221488
France_Eq,0.0719712036755335,-0.019276786001317367,0.02565038540548742,0.05825174038798919,0.0918123036214179,0.1418701483713693,0.111104,0.238732
EM_Eq,0.08,-0.01914444533078439,0.029112023086807826,0.06401134363565186,0.10033011807059078,0.1548878636406165,0.104872,0.219248
DM_exUS_Eq,0.0772578836288322,-0.0031645553222714043,0.037333687035559504,0.0662835291392111,0.09622218612933331,0.14126891943751188,0.05832,0.161132
US_Cash_TBill,0.033,0.016426108717274037,0.025857296483130454,0.03243457302028552,0.03909642839762384,0.04864323770741696,0.0004,0.193668
US_Treas_Interm,0.045,0.0072904911826294615,0.027689194635403536,0.042184926972011816,0.05696551102764219,0.07839341085613905,0.022924,0.197852
US_Treas_Long,0.048,-0.03125179885381135,0.00864368570334495,0.03724144768895732,0.06664629754686796,0.11028557888137591,0.189764,0.378688
US_TIPS,0.045,0.015344475192809015,0.031675244698678884,0.043244310262287255,0.054974221079297,0.07204469768442112,0.005332,0.130612
US_IG_Corp,0.05,0.009891492696816146,0.03169131859583513,0.047035502716669786,0.0624557994286829,0.08511052236689047,0.017472,0.15482
US_HighYield,0.05,0.011280178768228915,0.03225228964118598,0.04715889578204657,0.06218917147071862,0.08435491890416089,0.014752,0.145948
EM_USD_Sov,0.06,0.010815295692280609,0.036928071357597014,0.05547439455466463,0.07456186580330143,0.10222351351099745,0.020056,0.124816
EM_Local_Debt,0.048,-0.007742342172671536,0.021488647493908497,0.04233125890388756,0.06361089772434741,0.09498101418960554,0.082036,0.276916
Global_Agg_exUS,0.038,0.011216588455900242,0.026094546950697572,0.03653758992884304,0.04708084587231259,0.06240951399697302,0.007996,0.208632
US_REITs,0.063,-0.026399557145606135,0.01790099827934316,0.049775282511062,0.08258573556977794,0.132019900241924,0.143528,0.292964
Global_REITs_exUS,0.064,-0.017146256598036765,0.0233709093218194,0.05272011184411751,0.08315906217526237,0.1278785685299258,0.109968,0.25482
Commodities,0.035,-0.05552791878426803,-0.010829789723096006,0.021220560722141624,0.05416058327527723,0.10403377871470046,0.3284,0.522752
Gold,0.033,-0.06708797897866035,-0.018708326961140942,0.01641856024998678,0.05273686621780299,0.10739334244808463,0.3781,0.556796
Mexico_Govt_Local,0.063,-0.013671879822083326,0.025120832400038096,0.052836562485092164,0.08165635983772573,0.12432635310959161,0.096812,0.241384
