asset,p5,p25,p50,p75,p95,P_loss_12y
US_LargeCap,-0.009821322746574879,0.026156216859817505,0.05156499147415161,0.0776582658290863,0.11632411926984787,0.0849
US_SmallCap,-0.038852859288454056,0.01159563660621643,0.047524452209472656,0.08493146300315857,0.14107494056224823,0.18514
Mexico_Eq,-0.038851991295814514,0.01761019229888916,0.0581514835357666,0.10014179348945618,0.16422171890735626,0.16444
Brazil_Eq,-0.08379975706338882,-0.008979126811027527,0.04637336730957031,0.1044541597366333,0.19493569433689117,0.28737
China_Eq,-0.049789249897003174,0.008199036121368408,0.05047076940536499,0.09461021423339844,0.1616450846195221,0.20791
Japan_Eq,-0.02225308120250702,0.020443260669708252,0.05155366659164429,0.0835149884223938,0.13144902884960175,0.12888
UK_Eq,-0.014858481474220753,0.027839213609695435,0.058270394802093506,0.08973315358161926,0.13687124848365784,0.09631
France_Eq,-0.020139385014772415,0.025335848331451416,0.0580560564994812,0.09192776679992676,0.14189089834690094,0.11421
EM_Eq,-0.019905444234609604,0.028520047664642334,0.06389796733856201,0.10035741329193115,0.15504863858222961,0.10605
DM_exUS_Eq,-0.004036928527057171,0.0369928777217865,0.06626778841018677,0.09631597995758057,0.14084547758102417,0.06082
US_Cash_TBill,0.016360022127628326,0.02590516209602356,0.0324438214302063,0.039072513580322266,0.0487605445086956,0.00046
US_Treas_Interm,0.0069762058556079865,0.027703851461410522,0.04218769073486328,0.05683133006095886,0.07860612869262695,0.02402
US_Treas_Long,-0.03184093162417412,0.008531451225280762,0.03706866502761841,0.06626293063163757,0.11026635766029358,0.19066
US_TIPS,0.014988971874117851,0.03161972761154175,0.04324948787689209,0.05495360493659973,0.07231392711400986,0.00605
US_IG_Corp,0.009525775909423828,0.031601935625076294,0.04695272445678711,0.06251108646392822,0.08544858545064926,0.01913
US_HighYield,0.010705740191042423,0.03214201331138611,0.047167181968688965,0.06234988570213318,0.08452409505844116,0.01686
EM_USD_Sov,0.009886754676699638,0.03667458891868591,0.055664777755737305,0.0747845470905304,0.10273543000221252,0.02276
EM_Local_Debt,-0.007642413955181837,0.021605312824249268,0.04230469465255737,0.0637718141078949,0.09494593739509583,0.08291
Global_Agg_exUS,0.011075366288423538,0.026167958974838257,0.03661578893661499,0.04707258939743042,0.06245303899049759,0.00894
US_REITs,-0.027199096977710724,0.017810344696044922,0.04956179857254028,0.08252599835395813,0.1319272667169571,0.14435
Global_REITs_exUS,-0.018202753737568855,0.02304568886756897,0.05264317989349365,0.08297526836395264,0.12831364572048187,0.11266
Commodities,-0.05537565052509308,-0.010815784335136414,0.021205365657806396,0.05412968993186951,0.10460670292377472,0.32874
Gold,-0.06808561086654663,-0.019468501210212708,0.01594090461730957,0.0524803102016449,0.10778415948152542,0.38026
Mexico_Govt_Local,-0.013447635807096958,0.025278985500335693,0.05289912223815918,0.08172667026519775,0.12394247204065323,0.09664
