,vol_calm,vol_stress,mean_calm,mean_stress,vol_multiple
US_LargeCap,0.1181822037407039,0.1860714305730632,0.1544670471151167,0.13127145064703127,1.5744454298830874
US_SmallCap,0.16096802516511005,0.2523870464909105,0.12063544910989027,0.10916936365848684,1.5679328005175501
Mexico_Eq,0.19128644784205365,0.274127653795092,0.00018383677525232655,0.18595424238817698,1.4330740984925436
Brazil_Eq,0.29423153822203263,0.36394188005623024,0.023169906082127958,0.1992504661644141,1.2369234183916507
China_Eq,0.2136138471501092,0.26939409919951124,0.07702100515494681,0.0478482979326202,1.2611265739257276
Japan_Eq,0.12185961189157742,0.16245422840232768,0.06621327078764931,0.12321444572410203,1.3331260938765228
UK_Eq,0.12942281298515382,0.18976948247442682,0.05772371571238352,0.1102653506406869,1.4662753659680956
France_Eq,0.149834482518427,0.22395631148528464,0.09538027759465462,0.09000696443471318,1.494691393603218
EM_Eq,0.14790220727975614,0.20763623376887144,0.050356082708423,0.13262770650688752,1.403875152289842
DM_exUS_Eq,0.12208278985531709,0.18165195343297094,0.07286582293871252,0.11639876367211015,1.487940713414647
US_Cash_TBill,0.005276885009892019,0.005674810558032966,0.01285395171783282,0.025003833299704688,1.0754091755638029
US_Treas_Interm,0.05785944410693503,0.07169638257989865,0.02260023164695236,0.0047054705037742235,1.2391474492459758
US_Treas_Long,0.12050660654014973,0.149046692422795,0.039987819056519366,-0.036242105954688214,1.2368342010621338
US_TIPS,0.04034887715302358,0.06210114905610234,0.02620824310477915,0.018593739047106924,1.5391047641941316
US_IG_Corp,0.05766874429883617,0.10279734214764723,0.040379090295186146,0.01814249032270857,1.7825486474086762
US_HighYield,0.048741314848088156,0.09996651351686792,0.048075700209617475,0.04293801786445359,2.050960541963899
EM_USD_Sov,0.06357083839122053,0.13350123244511802,0.04682922278226941,0.02944816246257982,2.100038882978697
EM_Local_Debt,0.10084461717901447,0.1166744777001271,0.0022622370819209005,0.03722974078250247,1.1569727860934038
Global_Agg_exUS,0.032863700198957416,0.052070786001115074,0.035585433165164874,0.0031174514432510693,1.5844468421351712
US_REITs,0.14518801603837955,0.21334377553857817,0.0958442676027722,0.04856657596244968,1.4694310271598592
Global_REITs_exUS,0.1270813199909749,0.2025845052370325,0.05667493637007619,0.002938911621927609,1.594132837551732
Commodities,0.14847900310651643,0.20978061916625745,-0.011034222909311872,0.15405490881970993,1.412863871504877
Gold,0.1401370079054082,0.18126744636915826,0.04728905044969145,0.22221194183654955,1.2935016172994995
Mexico_Govt_Local,0.10084461717901447,0.1166744777001271,0.0022622370819209005,0.03722974078250247,1.1569727860934038
