,US_LargeCap,US_SmallCap,Mexico_Eq,Brazil_Eq,China_Eq,Japan_Eq,UK_Eq,France_Eq,EM_Eq,DM_exUS_Eq,US_Cash_TBill,US_Treas_Interm,US_Treas_Long,US_TIPS,US_IG_Corp,US_HighYield,EM_USD_Sov,EM_Local_Debt,Global_Agg_exUS,US_REITs,Global_REITs_exUS,Commodities,Gold,Mexico_Govt_Local
US_LargeCap,1.0,0.7995289476671478,0.49225061141109416,0.28624767099830056,0.5204109736379443,0.6933204576865089,0.7325383107621978,0.7371077689213791,0.6604081387982029,0.8215799230559058,0.019024687653986072,-0.09342927570589155,-0.07489241167025344,0.20128825148909693,0.2803070471890559,0.6942714429221795,0.4545766712248319,0.3799135024696405,0.12433414484929875,0.5751486065338504,0.6115783675291534,0.3651975961415299,-0.008256143746578891,0.3799135024696405
US_SmallCap,0.7995289476671478,1.0,0.3742024136272885,0.19778262355155166,0.4700285948036359,0.6417235370498305,0.6273199502308822,0.6061791659049283,0.5425836721543043,0.6957359461171118,0.04231456545175346,-0.12349935317994025,-0.09534876427877453,0.10038267676908219,0.22361985382394656,0.6527763136776032,0.35005633857453344,0.2455760522963025,0.06879979373396668,0.5685944265737503,0.5588881159253734,0.33432057059704046,-0.07210187839434419,0.2455760522963025
Mexico_Eq,0.49225061141109416,0.3742024136272885,1.0,0.4894760075313407,0.35946597457810103,0.49692261790441566,0.5485644480683464,0.6340881677366871,0.6253135750930582,0.6453770353658563,0.0012702127248259978,0.05422429993370032,0.043221835792551906,0.24799430937069158,0.35236123505170897,0.5033342269934257,0.5501278203300084,0.6042558373960157,0.15698420627850992,0.3063633129544309,0.5911137338163329,0.27630182901748207,0.12088507631027341,0.6042558373960157
Brazil_Eq,0.28624767099830056,0.19778262355155166,0.4894760075313407,1.0,0.3613189825879085,0.30867910096972606,0.3916551496930562,0.36661420548956875,0.6642716637060435,0.42747523598367576,0.022224839748892052,0.020655630770609137,-0.016501156824242108,0.2158571565093804,0.27963986287566184,0.4325096569618438,0.5409137323454678,0.7441734557727364,0.09156940393355192,0.18487099480634678,0.5024406078261648,0.304622915318976,0.2758128727877868,0.7441734557727364
China_Eq,0.5204109736379443,0.4700285948036359,0.35946597457810103,0.3613189825879085,1.0,0.5595566145223124,0.5148096615737534,0.5002281554640391,0.8219682866780545,0.602904123012672,0.02259276596399273,0.005518578965593393,-0.008991880111613518,0.1738671163535431,0.2793172738628479,0.47328890182842637,0.4358984580886943,0.48865765635926395,0.018802520023866634,0.22569148130997652,0.6532648406499418,0.3333500468871573,0.16386956161802363,0.48865765635926395
Japan_Eq,0.6933204576865089,0.6417235370498305,0.49692261790441566,0.30867910096972606,0.5595566145223124,1.0,0.665860601765098,0.6692334795746167,0.6918712762735386,0.8215939461333643,0.04060845786886289,-0.07722053822014821,-0.12741324026783524,0.15036306728908205,0.2057122072695227,0.5669204464091296,0.45930866881579163,0.44607330705872317,0.049202198592019034,0.33657987344952367,0.6451417473898082,0.28778821125881193,-0.05694731259138567,0.44607330705872317
UK_Eq,0.7325383107621978,0.6273199502308822,0.5485644480683464,0.3916551496930562,0.5148096615737534,0.665860601765098,1.0,0.8821458889818321,0.6756861224699952,0.9229287605090958,0.011618178500612896,-0.08113607754400515,-0.10654501418376489,0.22693334159338302,0.29069078363463446,0.6866317827482856,0.5238712133685075,0.517246255559204,0.014057384564987,0.43180868432870995,0.7688575215655215,0.5239933838108102,0.1320450540110197,0.517246255559204
France_Eq,0.7371077689213791,0.6061791659049283,0.6340881677366871,0.36661420548956875,0.5002281554640391,0.6692334795746167,0.8821458889818321,1.0,0.661569312722832,0.9405348662024228,-0.024374435055878847,-0.0025384435337897837,-0.03157494845245692,0.2541605317264168,0.34082248701794093,0.6591858758572728,0.5428907727681189,0.5477983251285694,0.07590527686686226,0.4115395720979457,0.705557830083382,0.3994263804420685,0.13578693439819517,0.5477983251285694
EM_Eq,0.6604081387982029,0.5425836721543043,0.6253135750930582,0.6642716637060435,0.8219682866780545,0.6918712762735386,0.6756861224699952,0.661569312722832,1.0,0.7841315918731269,0.04401793221659585,0.078180663560683,0.05022511299055234,0.32556555847225593,0.4214094771732819,0.6449442304311425,0.6757591696981464,0.7617511360063478,0.13669951982099027,0.3938613768384594,0.813925738643085,0.405433962140205,0.2355910870377306,0.7617511360063478
DM_exUS_Eq,0.8215799230559058,0.6957359461171118,0.6453770353658563,0.42747523598367576,0.602904123012672,0.8215939461333643,0.9229287605090958,0.9405348662024228,0.7841315918731269,1.0,0.020658807735715812,0.006613232934909641,-0.028504061777398063,0.29245955258557,0.3815567967852822,0.7267265282950652,0.6205908827490751,0.6077573930627004,0.10879337857687356,0.49481090806323624,0.8123915917701098,0.4085423576395043,0.11399975408638652,0.6077573930627004
US_Cash_TBill,0.019024687653986072,0.04231456545175346,0.0012702127248259978,0.022224839748892052,0.02259276596399273,0.04060845786886289,0.011618178500612896,-0.024374435055878847,0.04401793221659585,0.020658807735715812,1.0,0.02687855939049248,-0.011202003957239179,0.01989998017304599,0.03921073176426604,0.08888624639037881,0.07125799873386451,0.09029050231437395,0.07189737916328114,-0.015037845005251951,-0.02100063875290163,0.0026112000344186577,0.16758686454696822,0.09029050231437395
US_Treas_Interm,-0.09342927570589155,-0.12349935317994025,0.05422429993370032,0.020655630770609137,0.005518578965593393,-0.07722053822014821,-0.08113607754400515,-0.0025384435337897837,0.078180663560683,0.006613232934909641,0.02687855939049248,1.0,0.9328506349872514,0.8341140173818239,0.8220388486623457,0.21177934830724884,0.5349197049040394,0.3087413468561581,0.8199142622063234,0.4346582213265288,0.2553656013707779,-0.28932775289038026,0.44724120100333103,0.3087413468561581
US_Treas_Long,-0.07489241167025344,-0.09534876427877453,0.043221835792551906,-0.016501156824242108,-0.008991880111613518,-0.12741324026783524,-0.10654501418376489,-0.03157494845245692,0.05022511299055234,-0.028504061777398063,-0.011202003957239179,0.9328506349872514,1.0,0.7715110712588256,0.8167932478676185,0.1749594784663184,0.49749648010744374,0.24009856632374704,0.8027861169167914,0.4879422751744112,0.21522628680667175,-0.3338218238650879,0.38957529744022307,0.24009856632374704
US_TIPS,0.20128825148909693,0.10038267676908219,0.24799430937069158,0.2158571565093804,0.1738671163535431,0.15036306728908205,0.22693334159338302,0.2541605317264168,0.32556555847225593,0.29245955258557,0.01989998017304599,0.8341140173818239,0.7715110712588256,1.0,0.7968905573864022,0.4375731102261005,0.6590535464469607,0.47418923085973563,0.7062192732563642,0.5585451887856128,0.479828545749438,0.014186425744508133,0.4831068414464565,0.47418923085973563
US_IG_Corp,0.2803070471890559,0.22361985382394656,0.35236123505170897,0.27963986287566184,0.2793172738628479,0.2057122072695227,0.29069078363463446,0.34082248701794093,0.4214094771732819,0.3815567967852822,0.03921073176426604,0.8220388486623457,0.8167932478676185,0.7968905573864022,1.0,0.5757579027536381,0.7647106359854464,0.5449752543657015,0.7897471893634692,0.6078008525048801,0.5232432772934363,-0.0013509871102439825,0.4446408665761146,0.5449752543657015
US_HighYield,0.6942714429221795,0.6527763136776032,0.5033342269934257,0.4325096569618438,0.47328890182842637,0.5669204464091296,0.6866317827482856,0.6591858758572728,0.6449442304311425,0.7267265282950652,0.08888624639037881,0.21177934830724884,0.1749594784663184,0.4375731102261005,0.5757579027536381,1.0,0.6821067883835142,0.5525271932494539,0.3662701260671978,0.5142276602182574,0.6169260015595953,0.44581264997519915,0.29517987226716996,0.5525271932494539
EM_USD_Sov,0.4545766712248319,0.35005633857453344,0.5501278203300084,0.5409137323454678,0.4358984580886943,0.45930866881579163,0.5238712133685075,0.5428907727681189,0.6757591696981464,0.6205908827490751,0.07125799873386451,0.5349197049040394,0.49749648010744374,0.6590535464469607,0.7647106359854464,0.6821067883835142,1.0,0.805134650653755,0.5457382960040953,0.550845036488413,0.7109819740407007,0.20423194069958608,0.4271626116828895,0.805134650653755
EM_Local_Debt,0.3799135024696405,0.2455760522963025,0.6042558373960157,0.7441734557727364,0.48865765635926395,0.44607330705872317,0.517246255559204,0.5477983251285694,0.7617511360063478,0.6077573930627004,0.09029050231437395,0.3087413468561581,0.24009856632374704,0.47418923085973563,0.5449752543657015,0.5525271932494539,0.805134650653755,1.0,0.2980451530657636,0.35829149514730096,0.681982565900343,0.25062401705330184,0.4539141162875891,1.0
Global_Agg_exUS,0.12433414484929875,0.06879979373396668,0.15698420627850992,0.09156940393355192,0.018802520023866634,0.049202198592019034,0.014057384564987,0.07590527686686226,0.13669951982099027,0.10879337857687356,0.07189737916328114,0.8199142622063234,0.8027861169167914,0.7062192732563642,0.7897471893634692,0.3662701260671978,0.5457382960040953,0.2980451530657636,1.0,0.5000665533409527,0.26880909295949784,-0.2835843104939639,0.37316658814052484,0.2980451530657636
US_REITs,0.5751486065338504,0.5685944265737503,0.3063633129544309,0.18487099480634678,0.22569148130997652,0.33657987344952367,0.43180868432870995,0.4115395720979457,0.3938613768384594,0.49481090806323624,-0.015037845005251951,0.4346582213265288,0.4879422751744112,0.5585451887856128,0.6078008525048801,0.5142276602182574,0.550845036488413,0.35829149514730096,0.5000665533409527,1.0,0.6253397567480337,0.04668162501956619,0.14210982586502266,0.35829149514730096
Global_REITs_exUS,0.6115783675291534,0.5588881159253734,0.5911137338163329,0.5024406078261648,0.6532648406499418,0.6451417473898082,0.7688575215655215,0.705557830083382,0.813925738643085,0.8123915917701098,-0.02100063875290163,0.2553656013707779,0.21522628680667175,0.479828545749438,0.5232432772934363,0.6169260015595953,0.7109819740407007,0.681982565900343,0.26880909295949784,0.6253397567480337,1.0,0.331861513221977,0.23844184853793315,0.681982565900343
Commodities,0.3651975961415299,0.33432057059704046,0.27630182901748207,0.304622915318976,0.3333500468871573,0.28778821125881193,0.5239933838108102,0.3994263804420685,0.405433962140205,0.4085423576395043,0.0026112000344186577,-0.28932775289038026,-0.3338218238650879,0.014186425744508133,-0.0013509871102439825,0.44581264997519915,0.20423194069958608,0.25062401705330184,-0.2835843104939639,0.04668162501956619,0.331861513221977,1.0,0.17667861107685984,0.25062401705330184
Gold,-0.008256143746578891,-0.07210187839434419,0.12088507631027341,0.2758128727877868,0.16386956161802363,-0.05694731259138567,0.1320450540110197,0.13578693439819517,0.2355910870377306,0.11399975408638652,0.16758686454696822,0.44724120100333103,0.38957529744022307,0.4831068414464565,0.4446408665761146,0.29517987226716996,0.4271626116828895,0.4539141162875891,0.37316658814052484,0.14210982586502266,0.23844184853793315,0.17667861107685984,1.0,0.4539141162875891
Mexico_Govt_Local,0.3799135024696405,0.2455760522963025,0.6042558373960157,0.7441734557727364,0.48865765635926395,0.44607330705872317,0.517246255559204,0.5477983251285694,0.7617511360063478,0.6077573930627004,0.09029050231437395,0.3087413468561581,0.24009856632374704,0.47418923085973563,0.5449752543657015,0.5525271932494539,0.805134650653755,1.0,0.2980451530657636,0.35829149514730096,0.681982565900343,0.25062401705330184,0.4539141162875891,1.0
